frame,timestamp,evaluation_phase,target_id,pred_x,pred_y,radius,confidence,actionable,position_uncertainty_px,lost_frames,predicted_only,gt_x,gt_y,error_px,detection_count,track_count,hypothesis_count,bg_registry_state,bg_certified_count,stale_recovery_committed,recovery_active,collective_promoted,collective_dx,collective_dy,collective_rotation_deg,white_active,identity_window_active,identity_switched
0,0.000000,seed,,,,,0.0000,0,0.000,0,1,582.734,86.707,,14,14,0,dormant,0,0,0,0,0.0000,0.0000,0.0000,0,0,0
1,0.030056,seed,,,,,0.0000,0,0.000,0,1,582.871,86.685,,14,14,0,dormant,0,0,0,0,-0.2472,-0.4659,0.0000,0,0,0
2,0.060111,seed,,,,,0.0000,0,0.000,0,1,582.904,86.704,,15,15,0,dormant,0,0,0,0,-0.2304,-0.1819,0.0000,0,0,0
3,0.090167,seed,1,342.518,251.007,66.285,0.8000,1,1.933,0,0,582.957,86.386,,13,15,0,dormant,0,0,0,0,-1.2874,-3.1904,0.0000,1,0,0
4,0.120222,seed,1,342.946,251.143,66.593,1.0000,1,1.895,0,0,582.941,86.400,,13,15,0,dormant,0,0,0,0,-0.5198,-1.1881,0.0000,1,0,0
5,0.150278,seed,1,342.978,251.247,66.347,1.0000,1,1.890,0,0,582.964,86.477,,13,15,0,dormant,0,0,0,0,-0.1837,-0.6359,0.0000,1,0,0
6,0.180334,seed,1,342.911,251.712,65.770,1.0000,1,1.901,0,0,582.979,86.235,,13,15,0,dormant,0,0,0,0,-0.0627,-0.5094,0.0000,1,0,0
7,0.210389,seed,1,342.522,251.373,65.791,1.0000,1,1.916,0,0,582.983,86.438,,13,15,0,dormant,0,0,0,0,-0.2667,-0.4651,0.0000,1,0,0
8,0.240445,seed,1,343.025,252.213,64.904,1.0000,1,1.933,0,0,582.916,86.475,,13,15,0,dormant,0,0,0,0,-0.3761,-1.5124,0.0000,1,0,0
9,0.270501,seed,1,344.418,252.905,64.897,1.0000,1,1.947,0,0,582.928,86.460,,13,15,0,dormant,0,0,0,0,-0.2924,-2.0384,0.0000,1,0,0
10,0.300556,seed,1,344.891,252.194,64.921,1.0000,1,1.958,0,0,583.195,86.548,,14,15,0,dormant,0,0,0,0,-0.4756,-1.8441,0.0000,1,0,0
11,0.330612,seed,1,345.984,252.420,64.466,1.0000,1,1.967,0,0,583.359,86.344,,15,16,0,dormant,0,0,0,0,-0.4668,-1.7546,0.0000,1,0,0
12,0.360667,seed,1,346.575,251.537,64.165,1.0000,1,1.974,0,0,583.245,86.440,,15,16,0,dormant,0,0,0,0,-0.3994,-2.7250,0.0000,1,0,0
13,0.390723,seed,1,344.044,251.987,63.540,1.0000,1,1.979,0,0,583.200,86.336,,15,16,0,dormant,0,0,0,0,-0.2522,-2.4190,0.0000,1,0,0
14,0.420779,seed,1,345.976,252.225,64.003,1.0000,1,1.982,0,0,583.023,86.479,,15,16,0,dormant,0,0,0,0,0.0317,-1.8108,0.0000,1,0,0
15,0.450834,seed,1,347.718,251.906,63.343,1.0000,1,1.985,0,0,583.207,86.463,,15,16,0,dormant,0,0,0,0,0.0978,-2.3349,0.0000,1,0,0
16,0.480890,seed,1,348.198,251.986,63.444,1.0000,1,1.987,0,0,583.120,86.450,,15,16,0,dormant,0,0,0,0,-0.0589,-2.0502,0.0000,1,0,0
17,0.510946,seed,1,349.095,250.889,63.547,1.0000,1,1.988,0,0,583.574,86.328,,15,16,0,dormant,0,0,0,0,0.1595,-1.8871,0.0000,1,0,0
18,0.541001,seed,1,349.105,248.596,63.384,1.0000,1,1.988,0,0,583.836,86.096,,16,17,0,dormant,0,0,0,0,0.1899,-2.0350,0.0000,1,0,0
19,0.571057,seed,1,348.961,247.781,64.195,1.0000,1,1.989,0,0,583.201,86.186,,16,17,0,dormant,0,0,0,0,0.3070,-2.3047,0.0000,1,0,0
20,0.601112,seed,1,348.609,247.070,64.996,1.0000,1,1.989,0,0,583.315,86.255,,15,17,0,dormant,0,0,0,0,0.2494,-2.4615,0.0000,1,0,0
21,0.631168,seed,1,348.656,245.662,64.913,1.0000,1,1.990,0,0,583.305,85.829,,15,17,0,dormant,0,0,0,0,0.4527,-2.1560,0.0000,1,0,0
22,0.661224,seed,1,348.443,245.112,65.122,1.0000,1,1.990,0,0,583.280,86.152,,15,18,0,dormant,0,0,0,0,0.5340,-1.1071,0.0000,1,0,0
23,0.691279,seed,1,348.985,244.285,64.896,1.0000,1,1.990,0,0,571.846,88.779,,15,17,0,dormant,0,0,0,0,0.5452,-1.9176,0.0000,1,0,0
24,0.721335,seed,1,348.553,243.648,65.090,1.0000,1,1.990,0,0,545.549,97.834,,15,17,0,dormant,0,0,0,0,0.8735,-1.9315,0.0000,1,0,0
25,0.751390,seed,1,348.869,242.253,64.535,1.0000,1,1.990,0,0,521.815,110.564,,15,17,0,dormant,0,0,0,0,0.9887,-2.0865,0.0000,1,0,0
26,0.781446,seed,1,349.250,242.046,64.590,1.0000,1,1.990,0,0,,,,15,17,0,dormant,0,0,0,0,0.8238,-2.1073,0.0000,1,0,0
27,0.811502,seed,1,349.349,241.350,64.102,1.0000,1,1.990,0,0,,,,15,17,0,dormant,0,0,0,0,0.3326,-1.1821,0.0000,1,0,0
28,0.841557,seed,1,349.839,241.043,63.816,1.0000,1,1.990,0,0,,,,15,17,0,dormant,0,0,0,0,0.9957,-1.6774,0.0000,1,0,0
29,0.871613,seed,1,350.323,239.722,62.783,1.0000,1,1.990,0,0,,,,15,17,0,dormant,0,0,0,0,1.3506,-1.7938,0.0000,1,0,0
30,0.901669,seed,1,351.368,239.778,62.438,1.0000,1,1.990,0,0,435.535,175.418,,15,17,0,dormant,0,0,0,0,1.6946,-1.0772,0.0000,1,0,0
31,0.931724,seed,1,352.963,239.625,61.146,1.0000,1,1.990,0,0,421.983,188.967,,15,17,0,dormant,0,0,0,0,2.3060,-1.2982,0.0000,1,0,0
32,0.961780,seed,1,351.842,239.979,61.321,1.0000,1,1.990,0,0,404.926,201.118,,15,17,0,dormant,0,0,0,0,2.0858,-2.0242,0.0000,1,0,0
33,0.991835,seed,1,352.608,241.345,61.220,1.0000,1,1.990,0,0,395.543,209.156,,15,17,0,dormant,0,0,0,0,2.3555,-1.8087,0.0000,1,0,0
34,1.021891,seed,1,349.871,242.260,62.001,1.0000,1,1.990,0,0,384.029,216.363,,15,17,0,dormant,0,0,0,0,2.1564,-1.6696,0.0000,1,0,0
35,1.051947,seed,1,351.072,242.583,62.387,1.0000,1,1.990,0,0,377.400,220.339,,15,17,0,dormant,0,0,0,0,1.5774,-1.5987,0.0000,1,0,0
36,1.082002,seed,1,350.542,242.894,62.551,1.0000,1,1.990,0,0,373.284,223.376,,14,17,0,dormant,0,0,0,0,2.1716,-1.8484,0.0000,1,0,0
37,1.112058,seed,1,351.586,246.208,61.589,1.0000,1,1.990,0,0,360.632,230.382,,14,17,0,dormant,0,0,0,0,2.1989,-1.6277,0.0000,1,0,0
38,1.142114,seed,1,351.579,246.740,61.842,1.0000,1,1.990,0,0,346.936,239.186,,14,17,0,dormant,0,0,0,0,2.4094,-2.0689,0.0000,1,0,0
39,1.172169,seed,1,353.473,248.470,61.250,1.0000,1,1.990,0,0,343.089,241.370,,14,17,0,dormant,0,0,0,0,2.3225,-1.4913,0.0000,1,0,0
40,1.202225,seed,1,352.929,252.636,62.022,1.0000,1,1.990,0,0,341.075,241.418,,14,17,0,dormant,0,0,0,0,2.6700,-1.5007,0.0000,1,0,0
41,1.232280,seed,1,354.050,255.898,61.512,1.0000,1,1.990,0,0,340.993,241.496,,14,17,0,dormant,0,0,0,0,2.9532,-1.6143,0.0000,1,0,0
42,1.262336,seed,1,354.487,260.247,61.345,1.0000,1,1.990,0,0,341.242,241.574,,12,16,0,dormant,0,0,0,0,2.7333,-1.3560,0.0000,1,0,0
43,1.292392,seed,1,353.787,263.983,61.945,1.0000,1,1.990,0,0,340.978,241.200,,13,16,0,dormant,0,0,0,0,2.6780,-1.8604,0.0000,1,0,0
44,1.322447,seed,1,353.005,266.310,61.426,1.0000,1,1.990,0,0,340.980,241.358,,14,17,0,dormant,0,0,0,0,2.6156,-1.2300,0.0000,1,0,0
45,1.352503,seed,1,353.811,270.299,61.509,1.0000,1,1.990,0,0,341.087,241.378,,13,17,0,dormant,0,0,0,0,2.7813,-1.3171,0.0000,1,0,0
46,1.382558,seed,1,353.692,273.123,63.916,1.0000,1,1.990,0,0,341.331,241.158,,14,18,0,dormant,0,0,0,0,2.8643,-0.8770,0.0000,1,0,0
47,1.412614,seed,1,353.307,275.365,63.700,1.0000,1,1.990,0,0,341.049,241.244,,14,18,0,dormant,0,0,0,0,3.3930,-0.8608,0.0000,1,0,0
48,1.442670,seed,1,354.099,279.548,62.806,1.0000,1,1.990,0,0,341.047,241.496,,14,19,0,dormant,0,0,0,0,2.6290,-1.6488,0.0000,1,0,0
49,1.472725,seed,1,355.483,283.630,62.091,1.0000,1,1.990,0,0,341.175,241.172,,13,19,4,dormant,0,0,0,0,2.9208,-1.1661,0.0000,0,0,0
50,1.502781,active,1,355.355,286.309,62.545,1.0000,1,1.990,0,0,340.860,241.128,47.449,13,19,4,dormant,0,0,0,0,3.4582,-0.6626,0.0000,0,0,0
51,1.532837,active,1,356.063,289.235,63.688,1.0000,1,1.990,0,0,340.867,241.311,50.275,13,19,4,dormant,0,0,0,0,3.3951,-0.8535,0.0000,0,0,0
52,1.562892,active,1,346.813,291.198,60.142,1.0000,1,1.990,0,0,341.161,241.567,49.952,13,19,4,dormant,0,0,0,0,3.6849,-0.7626,0.0000,0,0,0
53,1.592948,active,1,348.017,292.037,60.985,1.0000,1,1.990,0,0,341.272,241.421,51.063,14,20,4,dormant,0,0,0,0,3.9067,-0.6419,0.0000,0,0,0
54,1.623003,active,1,348.385,289.925,60.441,1.0000,1,1.990,0,0,341.345,241.399,49.033,13,20,4,dormant,0,0,0,0,3.5708,-0.9567,0.0000,0,0,0
55,1.653059,active,1,349.652,286.000,61.459,1.0000,1,1.990,0,0,341.825,251.820,35.064,14,20,4,dormant,0,0,0,0,3.5139,-0.6341,0.0000,0,0,0
56,1.683115,active,1,357.897,281.855,63.541,1.0000,1,1.990,0,0,345.298,258.677,26.381,15,20,4,dormant,0,0,0,0,4.1907,-1.0145,0.0000,0,0,0
57,1.713170,active,1,353.619,281.354,57.656,1.0000,1,1.990,0,0,347.462,264.538,17.908,15,20,4,dormant,0,0,0,0,3.8458,-0.6986,0.0000,0,0,0
58,1.743226,active,1,350.194,278.249,53.639,1.0000,1,1.990,0,0,347.862,267.601,10.900,15,20,4,dormant,0,0,0,0,3.4670,-0.9941,0.0000,0,0,0
59,1.773282,active,1,349.072,278.907,54.152,1.0000,1,1.990,0,0,347.158,270.308,8.809,15,20,4,dormant,0,0,0,0,4.0102,-0.1483,0.0000,0,0,0
60,1.803337,active,1,348.884,279.355,56.530,1.0000,1,1.990,0,0,347.971,275.988,3.489,15,19,4,dormant,0,0,0,0,4.2140,-0.5027,0.0000,0,0,0
61,1.833393,active,1,349.560,293.918,62.727,1.0000,1,1.990,0,0,349.209,282.932,10.992,15,19,4,dormant,0,0,0,0,3.7445,-0.4498,0.0000,0,0,0
62,1.863448,active,1,345.068,296.567,61.400,1.0000,1,1.990,0,0,349.148,286.624,10.747,15,18,4,dormant,0,0,0,0,3.8142,-0.3065,0.0000,0,0,0
63,1.893504,active,1,343.599,301.440,62.308,1.0000,1,1.990,0,0,349.026,289.553,13.068,15,18,4,dormant,0,0,0,0,4.2080,0.2960,0.0000,0,0,0
64,1.923560,active,1,343.965,303.827,63.460,1.0000,1,1.990,0,0,349.725,292.538,12.674,16,19,4,dormant,0,0,0,0,3.4727,0.1434,0.0000,0,0,0
65,1.953615,active,1,345.151,302.769,64.418,1.0000,1,1.990,0,0,349.320,293.732,9.953,15,19,4,dormant,0,0,0,0,2.3869,0.0859,0.0000,0,0,0
66,1.983671,active,1,347.082,301.911,62.556,1.0000,1,1.990,0,0,349.386,294.585,7.680,15,18,4,dormant,0,0,0,0,2.6951,0.0673,0.0000,0,0,0
67,2.013726,active,1,348.706,307.256,64.438,1.0000,1,1.990,0,0,348.975,295.572,11.687,15,18,4,dormant,0,0,0,0,2.5517,-0.0410,0.0000,0,0,0
68,2.043782,active,1,350.560,307.600,62.997,1.0000,1,1.990,0,0,349.517,295.158,12.485,14,17,5,dormant,0,0,0,0,2.2745,0.2287,0.0000,0,0,0
69,2.073838,active,1,353.322,312.213,63.082,1.0000,1,1.990,0,0,346.247,296.194,17.511,14,16,5,dormant,0,0,0,0,3.4039,-0.0402,0.0000,0,0,0
70,2.103893,active,1,349.222,312.027,63.317,0.8607,1,2.431,1,1,343.937,297.765,15.210,13,16,5,dormant,0,0,0,0,3.5554,0.1937,0.0000,0,0,0
71,2.133949,active,1,349.246,313.935,63.415,0.7408,1,2.873,2,1,341.872,297.544,17.974,13,16,5,dormant,0,0,0,0,2.9415,0.1718,0.0000,0,0,0
72,2.164005,active,1,349.270,315.844,63.513,0.6376,1,3.321,3,1,340.050,297.213,20.787,13,16,6,dormant,0,0,0,0,2.3798,0.0975,0.0000,0,0,0
73,2.194060,active,1,349.294,317.752,63.612,0.5488,1,3.777,4,1,333.913,300.883,22.829,13,16,6,dormant,0,0,0,0,2.9026,0.4924,0.0000,0,0,0
74,2.224116,active,1,349.318,319.660,63.710,0.4724,1,4.243,5,1,330.938,301.569,25.791,13,16,6,dormant,0,0,0,0,2.8867,0.4464,0.0000,0,0,0
75,2.254171,active,1,302.591,326.190,83.244,1.0000,1,2.793,0,0,327.291,301.264,35.091,16,17,6,dormant,0,0,0,0,2.4196,0.7409,0.0000,0,0,0
76,2.284227,active,1,290.386,324.251,75.602,1.0000,1,2.351,0,0,327.504,302.729,42.906,14,17,6,dormant,0,0,0,0,2.5519,0.5709,0.0000,0,0,0
77,2.314283,active,1,334.096,346.250,61.899,1.0000,1,2.158,0,0,322.310,303.464,44.380,15,17,6,dormant,0,0,0,0,2.7026,0.6948,0.0000,0,0,0
78,2.344338,active,1,306.424,332.340,80.074,1.0000,1,2.066,0,0,320.498,306.493,29.430,14,16,6,dormant,0,0,0,0,2.2221,0.5137,0.0000,0,0,0
79,2.374394,active,1,304.532,333.581,79.263,1.0000,1,2.022,0,0,317.204,308.327,28.255,14,16,6,dormant,0,0,0,0,2.2643,0.3904,0.0000,0,0,0
80,2.404449,active,1,304.368,335.715,77.340,1.0000,1,2.002,0,0,314.992,312.221,25.784,14,16,6,dormant,0,0,0,0,2.4859,1.2355,0.0000,0,0,0
81,2.434505,active,1,315.890,337.364,79.926,1.0000,1,1.994,0,0,313.526,319.910,17.613,14,16,6,dormant,0,0,0,0,3.4027,1.1696,0.0000,0,0,0
82,2.464561,active,1,319.296,339.683,79.773,1.0000,1,1.991,0,0,312.097,327.725,13.957,14,16,6,dormant,0,0,0,0,3.4043,0.5950,0.0000,0,0,0
83,2.494616,active,1,320.545,339.041,79.277,1.0000,1,1.990,0,0,309.184,334.486,12.241,14,16,7,dormant,0,0,0,0,3.0811,1.8390,0.0000,0,0,0
84,2.524672,active,1,323.516,339.932,76.266,1.0000,1,1.991,0,0,308.221,338.533,15.359,14,16,7,dormant,0,0,0,0,2.5789,1.1606,0.0000,0,0,0
85,2.554728,active,1,314.130,344.292,79.655,0.8607,1,2.433,1,1,307.619,340.564,7.503,14,16,7,dormant,0,0,0,0,2.4595,1.2330,0.0000,0,0,0
86,2.584783,active,1,313.353,346.165,80.243,0.7408,1,2.877,2,1,307.635,340.441,8.091,14,16,7,dormant,0,0,0,0,2.4496,1.6162,0.0000,0,0,0
87,2.614839,active,1,312.577,348.038,80.830,0.6376,1,3.327,3,1,307.516,340.409,9.156,14,16,7,dormant,0,0,0,0,2.9520,1.3926,0.0000,0,0,0
88,2.644894,active,1,311.801,349.911,81.418,0.5488,1,3.786,4,1,307.413,340.463,10.417,14,16,7,dormant,0,0,0,0,2.5582,1.6172,0.0000,0,0,0
89,2.674950,active,1,311.025,351.784,82.006,0.4724,1,4.254,5,1,307.413,340.592,11.761,14,16,7,dormant,0,0,0,0,2.4841,1.5719,0.0000,0,0,0
90,2.705006,active,1,310.249,353.657,82.593,0.4066,1,4.734,6,1,307.574,340.608,13.320,12,16,7,dormant,0,0,0,0,2.4144,1.6967,0.0000,0,0,0
91,2.735061,active,3,337.195,349.521,72.944,1.0000,1,1.994,0,0,307.755,340.448,30.806,12,16,7,dormant,0,0,0,0,3.1562,1.1215,0.0000,0,0,1
92,2.765117,active,3,339.175,349.799,70.673,1.0000,1,1.992,0,0,307.672,340.422,32.870,12,16,7,dormant,0,0,0,0,2.8205,0.9555,0.0000,0,0,0
93,2.795173,active,3,341.742,349.527,71.034,1.0000,1,1.992,0,0,307.211,340.612,35.663,13,17,7,dormant,0,0,0,0,3.3885,1.6219,0.0000,0,0,0
94,2.825228,active,3,344.607,351.885,70.429,1.0000,1,1.992,0,0,307.825,340.636,38.463,13,17,7,dormant,0,0,0,0,2.9965,2.1374,0.0000,0,0,0
95,2.855284,active,3,346.863,355.460,72.695,1.0000,1,1.993,0,0,307.529,340.071,42.237,14,18,6,dormant,0,0,0,0,2.8162,1.7810,0.0000,0,0,0
96,2.885339,active,3,348.818,356.385,73.010,1.0000,1,1.993,0,0,307.837,340.300,44.025,15,18,6,dormant,0,0,0,0,2.2138,1.1819,0.0000,0,0,0
97,2.915395,active,3,350.823,360.401,74.302,1.0000,1,1.993,0,0,307.868,340.579,47.308,14,18,7,dormant,0,0,0,0,2.2297,1.7463,0.0000,0,0,0
98,2.945451,active,3,349.268,362.946,76.651,1.0000,1,1.993,0,0,307.531,340.579,47.353,14,18,7,dormant,0,0,0,0,1.9218,1.9599,0.0000,0,0,0
99,2.975506,active,3,352.171,364.964,77.160,1.0000,1,1.993,0,0,307.439,340.631,50.922,14,18,7,dormant,0,0,0,0,2.0897,1.2386,0.0000,0,0,0
100,3.005562,active,3,363.224,363.363,72.356,1.0000,1,1.992,0,0,307.415,340.632,60.260,15,18,7,dormant,0,0,0,0,2.1343,1.9082,0.0000,0,0,0
101,3.035617,active,3,373.538,366.526,68.314,1.0000,1,1.992,0,0,307.493,340.329,71.051,14,17,7,dormant,0,0,0,0,1.6938,1.8295,0.0000,0,0,0
102,3.065673,active,3,352.661,373.139,78.576,1.0000,1,1.992,0,0,307.644,345.489,52.831,14,17,7,dormant,0,0,0,0,1.8970,2.4567,0.0000,0,0,0
103,3.095729,active,3,395.128,372.597,58.750,1.0000,1,1.991,0,0,307.461,350.693,90.363,15,17,8,dormant,0,0,0,0,1.7669,2.2275,0.0000,0,0,0
104,3.125784,active,3,391.795,373.763,61.035,1.0000,1,1.991,0,0,307.458,355.279,86.339,14,17,8,dormant,0,0,0,0,1.6751,1.8872,0.0000,0,0,0
105,3.155840,active,3,388.689,376.342,63.072,1.0000,1,1.991,0,0,307.170,357.449,83.679,14,16,8,dormant,0,0,0,0,1.4936,2.2964,0.0000,0,0,0
106,3.185896,active,3,395.455,376.957,60.595,1.0000,1,1.991,0,0,307.706,360.630,89.255,15,16,9,dormant,0,0,0,0,1.6629,2.7449,0.0000,0,0,0
107,3.215951,active,3,396.644,380.335,60.467,1.0000,1,1.990,0,0,307.873,362.130,90.618,14,16,9,dormant,0,0,0,0,1.1987,2.6840,0.0000,0,0,0
108,3.246007,active,3,396.790,384.785,61.504,1.0000,1,1.990,0,0,309.066,366.235,89.664,15,17,9,dormant,0,0,0,0,0.9303,2.3893,0.0000,0,0,0
109,3.276062,active,1,358.177,384.153,78.161,1.0000,1,2.001,0,0,309.180,368.668,51.386,14,17,9,dormant,0,0,0,0,1.1410,2.1879,0.0000,0,0,1
110,3.306118,active,1,356.718,387.426,77.511,0.8607,1,2.452,1,1,308.902,369.523,51.058,13,17,9,dormant,0,0,0,0,1.3119,2.4080,0.0000,0,0,0
111,3.336174,active,1,358.009,389.043,77.529,0.7408,1,2.909,2,1,309.909,371.817,51.092,14,17,9,dormant,0,0,0,0,1.1144,2.4343,0.0000,0,0,0
112,3.366229,active,1,364.167,400.883,81.677,1.0000,1,2.417,0,0,313.020,373.383,58.071,14,17,9,dormant,0,0,0,0,1.1531,2.9934,0.0000,0,0,0
113,3.396285,active,1,365.261,401.814,81.384,1.0000,1,2.205,0,0,316.208,375.579,55.628,13,17,9,dormant,0,0,0,0,0.7283,1.9669,0.0000,0,0,0
114,3.426341,active,1,367.686,404.164,81.142,1.0000,1,2.101,0,0,321.486,378.528,52.836,13,17,9,dormant,0,0,0,0,0.6470,2.0802,0.0000,0,0,0
115,3.456396,active,1,370.018,405.469,78.954,1.0000,1,2.048,0,0,325.730,381.525,50.346,13,17,9,dormant,0,0,0,0,0.6736,2.4820,0.0000,0,0,0
116,3.486452,active,1,370.664,407.224,77.516,1.0000,1,2.021,0,0,328.360,385.309,47.643,13,17,9,dormant,0,0,0,0,0.4188,1.9726,0.0000,0,0,0
117,3.516507,active,1,370.922,407.422,77.279,1.0000,1,2.007,0,0,331.872,386.178,44.454,14,17,8,dormant,0,0,0,0,0.2073,1.2590,0.0000,0,0,0
118,3.546563,active,1,370.583,409.849,76.939,1.0000,1,2.000,0,0,333.324,386.532,43.954,13,17,8,dormant,0,0,0,0,0.0462,1.7390,0.0000,0,0,0
119,3.576619,active,1,370.505,411.138,75.913,1.0000,1,1.997,0,0,335.479,386.866,42.614,14,18,8,dormant,0,0,0,0,-0.0512,1.7876,0.0000,0,0,0
120,3.606674,active,1,370.754,413.021,74.717,1.0000,1,1.995,0,0,335.367,386.919,43.972,14,18,8,dormant,0,0,0,0,0.0720,1.8689,0.0000,0,0,0
121,3.636730,active,1,370.851,413.997,74.148,1.0000,1,1.994,0,0,337.456,387.005,42.940,14,17,8,dormant,0,0,0,0,-0.2954,2.1745,0.0000,0,0,0
122,3.666785,active,1,369.808,414.949,73.565,1.0000,1,1.993,0,0,339.457,386.901,41.327,13,17,7,dormant,0,0,0,0,-0.3509,2.1458,0.0000,0,0,0
123,3.696841,active,1,369.198,415.836,72.840,1.0000,1,1.993,0,0,341.377,387.919,39.412,13,17,7,dormant,0,0,0,0,-0.1058,2.3489,0.0000,0,0,0
124,3.726897,active,1,368.682,417.152,72.407,1.0000,1,1.992,0,0,343.284,388.854,38.024,13,17,7,dormant,0,0,0,0,-0.6896,2.1071,0.0000,0,0,0
125,3.756952,active,1,367.373,417.793,71.901,1.0000,1,1.992,0,0,345.601,389.713,35.531,13,17,7,dormant,0,0,0,0,-0.6696,2.5113,0.0000,0,0,0
126,3.787008,active,1,365.415,418.979,71.071,1.0000,1,1.991,0,0,347.529,390.041,34.019,13,17,7,dormant,0,0,0,0,-0.7590,2.3793,0.0000,0,0,0
127,3.817064,active,1,364.336,420.342,70.145,1.0000,1,1.991,0,0,351.107,393.349,30.060,12,16,7,dormant,0,0,0,0,-0.7073,2.2092,0.0000,0,0,0
128,3.847119,active,1,362.809,421.366,69.351,1.0000,1,1.991,0,0,355.653,396.147,26.215,13,17,6,dormant,0,0,0,0,-1.2812,1.8771,0.0000,0,0,0
129,3.877175,active,1,360.660,422.494,69.360,1.0000,1,1.991,0,0,357.871,398.119,24.534,13,17,6,dormant,0,0,0,0,-0.9646,1.6448,0.0000,0,0,0
130,3.907230,active,1,358.699,421.723,69.206,1.0000,1,1.991,0,0,358.987,399.435,22.290,12,17,6,dormant,0,0,0,0,-0.9408,1.1558,0.0000,0,0,0
131,3.937286,active,1,356.718,423.629,68.664,1.0000,1,1.990,0,0,361.148,399.527,24.506,12,17,6,dormant,0,0,0,0,-1.4471,1.5912,0.0000,0,0,0
132,3.967342,active,1,354.877,424.444,68.063,1.0000,1,1.990,0,0,361.023,401.416,23.834,12,16,6,dormant,0,0,0,0,-1.7231,2.4965,0.0000,0,0,0
133,3.997397,active,1,353.892,425.368,67.414,1.0000,1,1.990,0,0,361.416,402.554,24.022,12,16,6,dormant,0,0,0,0,-1.6267,2.0157,0.0000,0,0,0
134,4.027453,active,1,352.416,424.472,67.552,1.0000,1,1.990,0,0,361.352,402.642,23.588,13,17,6,dormant,0,0,0,0,-1.5210,1.3927,0.0000,0,0,0
135,4.057509,active,1,351.075,425.721,66.127,1.0000,1,1.990,0,0,361.575,402.734,25.272,13,18,6,dormant,0,0,0,0,-1.4298,2.0637,0.0000,0,0,0
136,4.087564,active,1,349.038,426.873,65.359,1.0000,1,1.990,0,0,361.496,403.508,26.479,13,18,6,dormant,0,0,0,0,-1.9095,1.8745,0.0000,0,0,0
137,4.117620,active,1,348.388,426.030,64.644,1.0000,1,1.990,0,0,361.056,403.702,25.671,13,18,5,dormant,0,0,0,0,-1.9528,1.9104,0.0000,0,0,0
138,4.147675,active,1,344.658,425.085,64.297,1.0000,1,1.990,0,0,361.452,404.769,26.358,14,17,5,dormant,0,0,0,0,-2.4712,2.1688,0.0000,0,0,0
139,4.177731,active,1,343.650,424.344,63.967,1.0000,1,1.990,0,0,359.983,405.488,24.946,15,18,5,dormant,0,0,0,0,-2.5146,1.7115,0.0000,0,0,0
140,4.207787,active,1,340.324,423.275,65.142,1.0000,1,1.990,0,0,359.140,405.400,25.953,15,18,5,dormant,0,0,0,0,-2.9604,2.2467,0.0000,0,0,0
141,4.237842,active,1,339.308,423.236,64.606,1.0000,1,1.990,0,0,357.469,406.471,24.717,14,18,5,dormant,0,0,0,0,-2.6313,1.6955,0.0000,0,0,0
142,4.267898,active,1,338.174,421.480,64.638,1.0000,1,1.990,0,0,355.398,407.397,22.249,14,17,5,dormant,0,0,0,0,-2.9370,1.4719,0.0000,0,0,0
143,4.297953,active,1,338.060,423.190,64.340,1.0000,1,1.990,0,0,351.785,407.212,21.064,14,17,5,dormant,0,0,0,0,-2.4703,1.5765,0.0000,0,0,0
144,4.328009,active,1,338.392,422.329,64.056,1.0000,1,1.990,0,0,349.682,409.396,17.168,15,18,5,dormant,0,0,0,0,-2.5909,1.5356,0.0000,0,0,0
145,4.358065,active,1,337.504,420.125,65.506,1.0000,1,1.990,0,0,348.201,409.158,15.320,16,20,5,dormant,0,0,0,0,-2.9521,1.1662,0.0000,0,0,0
146,4.388120,active,1,335.658,418.895,67.497,1.0000,1,1.990,0,0,348.598,409.117,16.219,16,21,5,dormant,0,0,0,0,-2.9258,1.5534,0.0000,0,0,0
147,4.418176,active,1,334.721,416.210,69.505,1.0000,1,1.990,0,0,347.385,410.381,13.941,16,20,5,dormant,0,0,0,0,-2.9888,1.8221,0.0000,0,0,0
148,4.448232,active,1,334.995,415.357,69.136,1.0000,1,1.990,0,0,345.943,410.461,11.993,16,20,5,dormant,0,0,0,0,-2.9600,1.5889,0.0000,0,0,0
149,4.478287,active,1,333.352,412.578,70.418,1.0000,1,1.990,0,0,345.061,410.916,11.826,16,20,5,dormant,0,0,0,0,-2.5935,1.0934,0.0000,0,0,0
150,4.508343,active,1,333.014,410.520,71.261,1.0000,1,1.990,0,0,341.299,409.893,8.308,16,20,5,dormant,0,0,0,0,-2.9061,0.9600,0.0000,0,0,0
151,4.538398,active,1,332.225,411.255,71.177,1.0000,1,1.990,0,0,339.206,410.387,7.034,16,20,5,dormant,0,0,0,0,-2.8490,1.1554,0.0000,0,0,0
152,4.568454,active,1,332.316,409.021,71.083,1.0000,1,1.990,0,0,335.112,410.495,3.162,16,20,5,dormant,0,0,0,0,-2.6292,1.1045,0.0000,0,0,0
153,4.598510,active,1,331.268,409.471,70.375,1.0000,1,1.990,0,0,333.325,410.441,2.274,16,20,5,dormant,0,0,0,0,-2.3468,0.8685,0.0000,0,0,0
154,4.628565,active,1,331.537,408.023,70.647,1.0000,1,1.990,0,0,333.229,410.729,3.191,16,20,5,dormant,0,0,0,0,-3.1868,1.1902,0.0000,0,0,0
155,4.658621,active,1,331.785,406.498,71.897,1.0000,1,1.990,0,0,332.953,408.921,2.689,16,20,5,dormant,0,0,0,0,-3.4479,0.8549,0.0000,0,0,0
156,4.688677,active,1,331.160,405.914,71.811,1.0000,1,1.990,0,0,332.955,407.310,2.273,17,19,5,dormant,0,0,0,0,-2.7913,0.8066,0.0000,0,0,0
157,4.718732,active,1,329.043,405.210,73.094,1.0000,1,1.990,0,0,332.939,403.428,4.284,17,19,5,dormant,0,0,0,0,-2.9670,0.5880,0.0000,0,0,0
158,4.748788,active,1,329.044,401.710,71.068,1.0000,1,1.990,0,0,333.376,400.606,4.471,17,19,5,dormant,0,0,0,0,-3.6207,0.5122,0.0000,0,0,0
159,4.778843,active,1,328.287,397.864,69.691,1.0000,1,1.990,0,0,332.934,398.302,4.667,18,19,6,dormant,0,0,0,0,-3.7762,0.8349,0.0000,0,0,0
160,4.808899,active,1,327.801,396.689,68.019,1.0000,1,1.990,0,0,333.153,397.556,5.422,16,19,6,dormant,0,0,0,0,-2.4138,1.0948,0.0000,0,0,0
161,4.838955,active,1,327.450,393.596,67.312,1.0000,1,1.990,0,0,333.473,392.535,6.116,16,19,6,dormant,0,0,0,0,-2.4506,0.6554,0.0000,0,0,0
162,4.869010,active,1,325.917,392.415,67.612,1.0000,1,1.990,0,0,333.258,387.340,8.924,18,19,6,dormant,0,0,0,0,-3.0443,0.3478,0.0000,0,0,0
163,4.899066,active,1,320.822,391.723,66.630,1.0000,1,1.990,0,0,333.462,383.296,15.191,18,19,6,dormant,0,0,0,0,-3.5386,0.1951,0.0000,0,0,0
164,4.929121,active,1,318.341,389.956,65.816,1.0000,1,1.990,0,0,331.839,380.318,16.585,18,19,6,dormant,0,0,0,0,-2.7982,0.1236,0.0000,0,0,0
165,4.959177,active,1,316.083,385.785,66.225,1.0000,1,1.990,0,0,331.873,378.159,17.535,18,19,6,dormant,0,0,0,0,-4.4751,0.0785,0.0000,0,0,0
166,4.989233,active,1,313.297,387.320,64.948,1.0000,1,1.990,0,0,332.087,375.304,22.303,17,18,6,dormant,0,0,0,0,-3.7365,0.0317,0.0000,0,0,0
167,5.019288,active,1,309.784,385.305,64.498,1.0000,1,1.990,0,0,331.729,372.817,25.250,17,18,6,dormant,0,0,0,0,-3.3084,-0.0333,0.0000,0,0,0
168,5.049344,active,1,310.944,382.979,65.086,1.0000,1,1.990,0,0,331.394,369.509,24.488,18,19,6,dormant,0,0,0,0,-3.0176,0.0162,0.0000,0,0,0
169,5.079400,active,1,308.175,378.737,64.379,1.0000,1,1.990,0,0,332.174,368.708,26.010,18,19,6,dormant,0,0,0,0,-3.5081,0.1980,0.0000,0,0,0
170,5.109455,active,1,304.495,375.817,63.075,1.0000,1,1.990,0,0,332.253,366.444,29.298,19,19,6,dormant,0,0,0,0,-2.5430,0.1082,0.0000,0,0,0
171,5.139511,active,1,305.449,372.734,65.362,1.0000,1,1.990,0,0,331.739,362.520,28.204,18,19,6,dormant,0,0,0,0,-3.0203,-0.0638,0.0000,0,0,0
172,5.169566,active,1,303.802,371.280,65.571,1.0000,1,1.990,0,0,329.451,359.294,28.312,17,19,6,dormant,0,0,0,0,-3.1922,-0.0717,0.0000,0,0,0
173,5.199622,active,1,327.166,369.408,78.940,1.0000,1,1.990,0,0,328.748,354.895,14.599,18,20,6,dormant,0,0,0,0,-3.9698,-0.0861,0.0000,0,0,0
174,5.229678,active,1,339.609,370.670,86.458,1.0000,1,1.990,0,0,327.669,352.344,21.873,17,20,6,dormant,0,0,0,0,-3.1208,-0.0726,0.0000,0,0,0
175,5.259733,active,1,337.695,370.961,86.026,1.0000,1,1.990,0,0,327.663,351.497,21.898,17,20,6,dormant,0,0,0,0,-2.8557,0.0722,0.0000,0,0,0
176,5.289789,active,1,335.791,370.557,86.211,1.0000,1,1.990,0,0,327.455,350.606,21.622,17,20,6,dormant,0,0,0,0,-3.6063,-0.2686,0.0000,0,0,0
177,5.319845,active,1,331.579,369.978,85.124,1.0000,1,1.990,0,0,325.707,348.356,22.405,15,20,6,dormant,0,0,0,0,-3.6123,-0.5259,0.0000,0,0,0
178,5.349900,active,1,326.382,368.240,84.590,1.0000,1,1.990,0,0,325.848,346.540,21.706,17,20,6,dormant,0,0,0,0,-3.5371,-0.9720,0.0000,0,0,0
179,5.379956,active,1,324.538,367.071,84.577,1.0000,1,1.990,0,0,325.834,346.484,20.628,16,20,6,dormant,0,0,0,0,-3.9751,-0.4858,0.0000,0,0,0
180,5.410011,active,1,321.467,365.061,84.988,1.0000,1,1.990,0,0,324.006,344.508,20.709,15,20,6,dormant,0,0,0,0,-3.7697,-1.1515,0.0000,0,0,0
181,5.440067,active,1,318.783,364.373,84.883,1.0000,1,1.990,0,0,322.859,343.253,21.510,15,21,6,dormant,0,0,0,0,-3.5945,-0.6337,0.0000,0,0,0
182,5.470123,active,1,316.402,363.210,84.678,1.0000,1,1.990,0,0,321.931,341.216,22.678,16,21,6,dormant,0,0,0,0,-3.7880,-0.7308,0.0000,0,0,0
183,5.500178,active,1,314.631,363.123,83.454,1.0000,1,1.990,0,0,319.614,339.533,24.110,15,21,6,dormant,0,0,0,0,-3.5416,-0.6620,0.0000,0,0,0
184,5.530234,active,1,311.961,361.119,82.448,1.0000,1,1.990,0,0,317.054,337.293,24.365,15,21,5,dormant,0,0,0,0,-3.2902,-0.9900,0.0000,0,0,0
185,5.560289,active,1,310.041,360.409,80.546,1.0000,1,1.990,0,0,315.184,334.395,26.517,15,21,5,dormant,0,0,0,0,-3.4047,-0.9853,0.0000,0,0,0
186,5.590345,active,1,306.257,363.174,80.245,1.0000,1,1.990,0,0,313.490,332.288,31.722,15,21,5,dormant,0,0,0,0,-3.0682,-0.6017,0.0000,0,0,0
187,5.620401,active,1,304.679,360.937,78.280,1.0000,1,1.990,0,0,310.903,331.096,30.483,15,20,5,dormant,0,0,0,0,-3.6611,-0.7098,0.0000,0,0,0
188,5.650456,active,1,304.165,358.684,77.744,1.0000,1,1.990,0,0,307.789,329.687,29.222,15,20,5,dormant,0,0,0,0,-2.7992,-0.9885,0.0000,0,0,0
189,5.680512,active,1,301.937,354.852,77.385,1.0000,1,1.990,0,0,305.798,328.896,26.242,15,20,5,dormant,0,0,0,0,-3.4852,-0.9515,0.0000,0,0,0
190,5.710568,active,1,300.659,355.160,76.766,1.0000,1,1.990,0,0,305.683,325.871,29.717,15,20,5,dormant,0,0,0,0,-3.0971,-0.6062,0.0000,0,0,0
191,5.740623,active,1,297.848,352.632,76.680,1.0000,1,1.990,0,0,301.946,323.485,29.434,15,18,5,dormant,0,0,0,0,-2.7574,-1.1171,0.0000,0,0,0
192,5.770679,active,1,295.615,349.782,76.504,1.0000,1,1.990,0,0,301.210,322.241,28.103,15,18,5,dormant,0,0,0,0,-2.5819,-1.5020,0.0000,0,0,0
193,5.800734,active,1,293.124,347.209,76.128,1.0000,1,1.990,0,0,299.246,320.887,27.025,15,17,5,dormant,0,0,0,0,-2.8133,-1.6399,0.0000,0,0,0
194,5.830790,active,1,292.149,344.713,76.733,1.0000,1,1.990,0,0,296.018,321.368,23.664,15,16,5,dormant,0,0,0,0,-2.8439,-1.5608,0.0000,0,0,0
195,5.860846,active,1,289.169,343.131,78.499,1.0000,1,1.990,0,0,295.277,320.382,23.555,15,16,5,dormant,0,0,0,0,-2.9394,-1.6004,0.0000,0,0,0
196,5.890901,active,1,290.134,339.609,80.069,1.0000,1,1.990,0,0,293.918,319.483,20.479,15,15,5,dormant,0,0,0,0,-2.5561,-1.6779,0.0000,0,0,0
197,5.920957,active,1,288.575,338.096,80.596,1.0000,1,1.990,0,0,292.963,318.266,20.310,15,15,5,dormant,0,0,0,0,-2.4880,-2.0869,0.0000,0,0,0
198,5.951013,active,1,288.019,336.803,81.194,1.0000,1,1.990,0,0,291.392,316.375,20.704,15,15,5,dormant,0,0,0,0,-2.6909,-1.7723,0.0000,0,0,0
199,5.981068,active,1,286.528,334.198,82.744,1.0000,1,1.990,0,0,287.845,315.481,18.762,15,15,5,dormant,0,0,0,0,-2.0520,-1.6305,0.0000,0,0,0
200,6.011124,active,1,286.195,331.594,84.627,1.0000,1,1.990,0,0,284.748,314.723,16.933,15,15,5,dormant,0,0,0,0,-2.6096,-1.9765,0.0000,0,0,0
201,6.041179,active,1,283.573,339.361,79.570,1.0000,1,1.990,0,0,281.860,312.669,26.747,15,16,5,dormant,0,0,0,0,-2.2452,-2.3895,0.0000,0,0,0
202,6.071235,active,1,280.558,342.118,77.324,1.0000,1,1.990,0,0,279.943,311.645,30.479,16,16,6,dormant,0,0,0,0,-1.5471,-1.5789,0.0000,0,0,0
203,6.101291,active,1,280.360,341.528,77.297,1.0000,1,1.990,0,0,277.918,309.628,31.993,16,16,6,dormant,0,0,0,0,-1.8906,-1.9353,0.0000,0,0,0
204,6.131346,active,41,315.017,311.277,74.461,0.8000,1,1.933,0,0,276.922,308.367,38.206,15,16,6,dormant,0,0,0,0,-2.0466,-1.9628,0.0000,0,0,1
205,6.161402,active,41,312.997,302.936,68.622,1.0000,1,1.895,0,0,277.310,306.671,35.882,14,16,6,dormant,0,0,0,0,-1.7026,-1.8485,0.0000,0,0,0
206,6.191457,active,41,315.401,302.711,66.095,1.0000,1,1.890,0,0,276.877,304.882,38.585,14,16,6,dormant,0,0,0,0,-1.6710,-2.2338,0.0000,0,0,0
207,6.221513,active,41,306.236,301.112,67.903,1.0000,1,1.901,0,0,277.421,303.114,28.884,14,16,6,dormant,0,0,0,0,-1.7580,-2.4707,0.0000,0,0,0
208,6.251569,active,41,322.633,309.667,55.090,1.0000,1,1.916,0,0,276.999,299.319,46.793,15,16,6,dormant,0,0,0,0,-1.8925,-2.0829,0.0000,0,0,0
209,6.281624,active,41,325.845,304.466,53.972,1.0000,1,1.933,0,0,276.923,295.494,49.738,13,16,6,dormant,0,0,0,0,-1.3241,-2.0931,0.0000,0,0,0
210,6.311680,active,41,322.842,299.135,58.122,1.0000,1,1.947,0,0,278.075,290.366,45.618,14,17,6,dormant,0,0,0,0,-1.2080,-2.4296,0.0000,0,0,0
211,6.341736,active,41,321.598,298.368,59.049,1.0000,1,1.958,0,0,281.435,286.370,41.917,15,18,7,dormant,0,0,0,0,-1.1708,-2.4159,0.0000,0,0,0
212,6.371791,active,41,323.725,299.203,55.564,1.0000,1,1.967,0,0,283.749,283.226,43.051,14,18,7,dormant,0,0,0,0,-1.2008,-2.3276,0.0000,0,0,0
213,6.401847,active,41,321.370,295.200,57.987,1.0000,1,1.974,0,0,285.684,279.708,38.904,14,18,8,dormant,0,0,0,0,-1.1362,-2.3295,0.0000,0,0,0
214,6.431902,active,41,318.964,294.801,57.035,1.0000,1,1.979,0,0,291.414,275.696,33.526,14,18,8,dormant,0,0,0,0,-1.2707,-2.6355,0.0000,0,0,0
215,6.461958,active,41,322.570,293.536,57.272,1.0000,1,1.982,0,0,301.646,271.485,30.399,14,18,8,dormant,0,0,0,0,-0.6462,-2.8787,0.0000,0,0,0
216,6.492014,active,41,323.309,289.284,57.792,1.0000,1,1.985,0,0,305.409,271.158,25.475,14,18,8,dormant,0,0,0,0,-0.4264,-2.3496,0.0000,0,0,0
217,6.522069,active,41,322.720,285.042,59.263,1.0000,1,1.987,0,0,307.452,270.662,20.973,14,18,8,dormant,0,0,0,0,-0.3766,-2.1897,0.0000,0,0,0
218,6.552125,active,41,323.998,281.886,57.954,1.0000,1,1.988,0,0,315.620,269.577,14.890,14,18,8,dormant,0,0,0,0,-0.4712,-2.4631,0.0000,0,0,0
219,6.582180,active,41,324.452,279.322,57.273,1.0000,1,1.988,0,0,323.810,268.635,10.707,15,19,8,dormant,0,0,0,0,-0.3892,-2.4729,0.0000,0,0,0
220,6.612236,active,41,324.760,279.365,55.584,1.0000,1,1.989,0,0,323.985,268.560,10.832,14,19,8,dormant,0,0,0,0,-0.3783,-2.8072,0.0000,0,0,0
221,6.642292,active,41,324.007,274.791,53.747,1.0000,1,1.989,0,0,323.915,268.832,5.960,15,19,8,dormant,0,0,0,0,-0.2402,-2.7047,0.0000,0,0,0
222,6.672347,active,41,324.606,272.940,53.045,1.0000,1,1.990,0,0,324.081,268.804,4.169,16,20,8,dormant,0,0,0,0,-0.2337,-2.1699,0.0000,0,0,0
223,6.702403,active,41,324.375,265.888,58.769,1.0000,1,1.990,0,0,323.839,268.704,2.866,15,20,7,dormant,0,0,0,0,-0.0147,-2.0745,0.0000,0,0,0
224,6.732459,active,41,323.136,262.408,58.177,1.0000,1,1.990,0,0,324.076,268.680,6.342,15,20,7,dormant,0,0,0,0,-0.1220,-3.0005,0.0000,0,0,0
225,6.762514,active,41,324.034,266.357,56.076,1.0000,1,1.990,0,0,323.985,268.506,2.149,15,19,7,dormant,0,0,0,0,0.1376,-2.3183,0.0000,0,0,0
226,6.792570,active,41,322.342,264.482,56.748,1.0000,1,1.990,0,0,323.499,268.520,4.200,15,19,7,dormant,0,0,0,0,-0.0003,-1.6495,0.0000,0,0,0
227,6.822625,active,41,321.164,263.594,56.842,1.0000,1,1.990,0,0,323.711,268.603,5.620,16,19,8,dormant,0,0,0,0,0.3095,-2.6684,0.0000,0,0,0
228,6.852681,active,41,320.074,261.226,57.000,1.0000,1,1.990,0,0,323.754,268.587,8.230,15,19,8,dormant,0,0,0,0,0.3457,-2.2449,0.0000,0,0,0
229,6.882737,active,41,322.276,258.391,56.242,0.8607,1,2.431,1,1,323.957,268.581,10.328,15,17,8,dormant,0,0,0,0,0.5352,-2.1511,0.0000,0,0,0
230,6.912792,active,41,322.268,256.371,56.080,0.7408,1,2.873,2,1,323.731,268.456,12.173,16,18,8,dormant,0,0,0,0,1.0437,-2.8489,0.0000,0,0,0
231,6.942848,active,41,322.260,254.352,55.918,0.6376,1,3.321,3,1,323.929,268.542,14.288,16,19,8,dormant,0,0,0,0,0.8209,-2.1749,0.0000,0,0,0
232,6.972904,active,41,322.252,252.333,55.757,0.5488,1,3.777,4,1,323.999,268.473,16.234,15,19,9,dormant,0,0,0,0,0.9512,-2.1261,0.0000,0,0,0
233,7.002959,active,41,322.244,250.314,55.595,0.4724,1,4.243,5,1,324.054,268.499,18.275,15,19,9,dormant,0,0,0,0,1.1651,-2.3324,0.0000,0,0,0
234,7.033015,active,41,322.236,248.294,55.433,0.4066,1,4.721,6,1,324.117,268.431,20.224,15,19,9,dormant,0,0,0,0,1.6370,-2.0055,0.0000,0,0,0
235,7.063070,active,42,269.031,246.865,83.025,1.0000,1,2.000,0,0,324.080,268.513,59.153,15,19,9,dormant,0,0,0,0,1.2602,-2.1771,0.0000,0,0,1
236,7.093126,active,42,268.855,243.093,84.119,1.0000,1,2.000,0,0,323.708,268.455,60.432,15,19,9,dormant,0,0,0,0,1.2279,-2.5650,0.0000,0,0,0
237,7.123182,active,42,267.069,242.690,81.829,1.0000,1,2.000,0,0,313.419,258.893,49.100,15,19,9,dormant,0,0,0,0,1.9440,-2.0442,0.0000,0,0,0
238,7.153237,active,42,267.482,236.694,80.606,1.0000,1,2.000,0,0,299.078,249.455,34.076,15,19,9,dormant,0,0,0,0,1.9425,-1.4817,0.0000,0,0,0
239,7.183293,active,42,268.355,235.309,79.845,1.0000,1,2.000,0,0,292.020,243.143,24.928,15,19,8,dormant,0,0,0,0,1.8789,-1.7217,0.0000,0,0,0
240,7.213348,active,42,269.353,233.156,79.811,1.0000,1,1.999,0,0,287.224,242.640,20.231,15,19,8,dormant,0,0,0,0,1.8594,-1.7563,0.0000,0,0,0
241,7.243404,active,42,270.956,229.162,79.639,1.0000,1,1.998,0,0,283.531,240.612,17.007,15,19,8,dormant,0,0,0,0,2.0360,-1.6641,0.0000,0,0,0
242,7.273460,active,42,273.496,227.127,79.985,1.0000,1,1.997,0,0,276.081,236.479,9.704,15,19,7,dormant,0,0,0,0,1.8935,-2.0234,0.0000,0,0,0
243,7.303515,active,42,274.183,226.404,79.946,1.0000,1,1.996,0,0,271.068,234.599,8.768,15,18,7,dormant,0,0,0,0,1.8574,-1.6397,0.0000,0,0,0
244,7.333571,active,42,267.461,232.258,71.812,1.0000,1,1.995,0,0,266.061,232.382,1.406,14,18,7,dormant,0,0,0,0,2.1858,-2.2136,0.0000,0,0,0
245,7.363627,active,42,275.721,222.023,80.032,1.0000,1,1.994,0,0,263.246,229.647,14.620,14,18,7,dormant,0,0,0,0,2.4839,-2.1921,0.0000,0,0,0
246,7.393682,active,42,275.085,219.754,80.533,1.0000,1,1.993,0,0,260.272,229.483,17.722,14,18,7,dormant,0,0,0,0,2.6714,-1.6800,0.0000,0,0,0
247,7.423738,active,42,277.235,218.874,81.315,1.0000,1,1.992,0,0,258.936,228.625,20.735,12,18,7,dormant,0,0,0,0,2.7909,-1.8022,0.0000,0,0,0
248,7.453793,active,42,276.127,215.806,83.166,1.0000,1,1.992,0,0,255.331,225.802,23.074,13,18,7,dormant,0,0,0,0,2.5564,-1.7654,0.0000,0,0,0
249,7.483849,active,42,275.615,233.220,74.735,1.0000,1,1.991,0,0,253.203,225.574,23.680,13,17,7,dormant,0,0,0,0,2.4167,-1.6295,0.0000,0,0,0
250,7.513905,active,42,275.843,230.068,76.627,1.0000,1,1.991,0,0,251.210,223.827,25.411,12,17,7,dormant,0,0,0,0,2.9252,-1.8657,0.0000,0,0,0
251,7.543960,active,42,277.984,227.110,77.757,1.0000,1,1.991,0,0,250.634,222.655,27.710,12,16,7,dormant,0,0,0,0,2.6407,-2.0569,0.0000,0,0,0
252,7.574016,active,42,277.533,221.302,79.247,1.0000,1,1.991,0,0,248.516,222.488,29.041,13,16,8,dormant,0,0,0,0,2.8568,-1.0555,0.0000,0,0,0
253,7.604072,active,42,279.232,221.914,80.368,1.0000,1,1.990,0,0,247.330,221.018,31.914,12,16,8,dormant,0,0,0,0,3.0378,-1.3433,0.0000,0,0,0
254,7.634127,active,42,273.862,219.396,79.052,1.0000,1,1.990,0,0,245.986,219.861,27.879,12,16,8,dormant,0,0,0,0,2.9003,-1.1982,0.0000,0,0,0
255,7.664183,active,42,263.558,218.345,73.545,1.0000,1,1.990,0,0,245.881,218.762,17.682,12,16,8,dormant,0,0,0,0,2.7856,-1.5276,0.0000,0,0,0
256,7.694238,active,42,256.577,215.592,69.611,1.0000,1,1.990,0,0,245.171,218.816,11.853,12,16,8,dormant,0,0,0,0,2.6722,-1.6261,0.0000,0,0,0
257,7.724294,active,42,250.104,210.971,66.829,1.0000,1,1.990,0,0,244.997,217.951,8.649,14,17,8,dormant,0,0,0,0,3.6029,-1.1488,0.0000,0,0,0
258,7.754350,active,42,247.595,207.407,65.136,1.0000,1,1.990,0,0,245.176,217.952,10.819,13,17,8,dormant,0,0,0,0,3.4300,-1.1831,0.0000,0,0,0
259,7.784405,active,42,249.402,206.889,64.875,1.0000,1,1.990,0,0,245.026,215.849,9.972,14,18,8,dormant,0,0,0,0,3.5857,-0.8085,0.0000,0,0,0
260,7.814461,active,42,252.041,208.150,65.990,1.0000,1,1.990,0,0,244.920,213.736,9.050,14,18,8,dormant,0,0,0,0,3.5404,-1.1071,0.0000,0,0,0
261,7.844516,active,42,256.024,204.321,67.042,1.0000,1,1.990,0,0,244.967,210.314,12.576,13,18,8,dormant,0,0,0,0,3.6901,-0.8329,0.0000,0,0,0
262,7.874572,active,42,255.963,204.276,64.697,1.0000,1,1.990,0,0,243.275,207.001,12.977,13,18,8,dormant,0,0,0,0,3.6933,-0.0910,0.0000,0,0,0
263,7.904628,active,42,259.707,200.937,66.249,1.0000,1,1.990,0,0,241.717,203.831,18.222,14,18,8,dormant,0,0,0,0,3.5651,-0.4301,0.0000,0,0,0
264,7.934683,active,42,261.570,199.985,66.632,1.0000,1,1.990,0,0,241.680,194.461,20.643,14,18,8,dormant,0,0,0,0,4.1328,-0.5649,0.0000,0,0,0
265,7.964739,active,42,268.301,198.338,69.292,1.0000,1,1.990,0,0,243.359,184.567,28.490,14,18,8,dormant,0,0,0,0,3.3990,-0.6557,0.0000,0,0,0
266,7.994795,active,42,267.040,194.613,69.126,1.0000,1,1.990,0,0,244.972,181.634,25.602,15,18,8,dormant,0,0,0,0,3.8234,-1.0582,0.0000,0,0,0
267,8.024850,active,42,270.252,192.112,68.295,1.0000,1,1.990,0,0,247.079,178.559,26.845,14,17,8,dormant,0,0,0,0,3.4838,-0.1368,0.0000,0,0,0
268,8.054906,active,42,270.283,190.036,68.217,1.0000,1,1.990,0,0,249.492,175.465,25.389,15,17,8,dormant,0,0,0,0,3.9711,-0.0933,0.0000,0,0,0
269,8.084961,active,42,271.949,187.866,68.068,1.0000,1,1.990,0,0,253.661,174.672,22.551,14,17,8,dormant,0,0,0,0,4.4177,-0.3413,0.0000,0,0,0
270,8.115017,active,42,270.248,185.962,66.962,1.0000,1,1.990,0,0,255.628,173.496,19.213,14,16,8,dormant,0,0,0,0,3.8179,-0.4745,0.0000,0,0,0
271,8.145073,active,42,271.296,184.296,67.111,1.0000,1,1.990,0,0,258.191,172.758,17.460,15,16,8,dormant,0,0,0,0,3.8737,0.0823,0.0000,0,0,0
272,8.175128,active,42,269.724,182.632,66.546,1.0000,1,1.990,0,0,258.080,172.772,15.258,14,17,8,dormant,0,0,0,0,3.5227,-0.0581,0.0000,0,0,0
273,8.205184,active,42,271.532,179.287,66.122,1.0000,1,1.990,0,0,258.124,172.809,14.891,14,17,8,dormant,0,0,0,0,2.9242,-0.1625,0.0000,0,0,0
274,8.235240,active,42,269.709,179.238,66.937,1.0000,1,1.990,0,0,259.264,171.595,12.943,15,17,8,dormant,0,0,0,0,2.4635,-0.0792,0.0000,0,0,0
275,8.265295,active,42,271.916,178.438,66.201,1.0000,1,1.990,0,0,260.043,171.659,13.673,14,17,8,dormant,0,0,0,0,3.3115,0.0871,0.0000,0,0,0
276,8.295351,active,42,272.105,178.030,65.803,1.0000,1,1.990,0,0,263.246,168.674,12.884,14,17,8,dormant,0,0,0,0,2.5476,-0.0385,0.0000,0,0,0
277,8.325406,active,42,274.718,177.439,64.290,1.0000,1,1.990,0,0,267.280,167.452,12.452,14,17,8,dormant,0,0,0,0,2.5941,-0.2378,0.0000,0,0,0
278,8.355462,active,42,273.263,174.729,63.924,1.0000,1,1.990,0,0,269.210,167.673,8.137,14,16,8,dormant,0,0,0,0,2.6784,0.3534,0.0000,0,0,0
279,8.385518,active,42,269.910,173.107,66.875,1.0000,1,1.990,0,0,271.218,167.727,5.536,15,17,8,dormant,0,0,0,0,2.7322,0.3298,0.0000,0,0,0
280,8.415573,active,42,276.312,172.819,60.670,1.0000,1,1.990,0,0,275.370,167.587,5.316,14,17,8,dormant,0,0,0,0,3.5729,0.1789,0.0000,0,0,0
281,8.445629,active,42,265.499,171.146,64.961,1.0000,1,1.990,0,0,275.622,167.559,10.740,15,18,8,dormant,0,0,0,0,3.3399,0.4279,0.0000,0,0,0
282,8.475684,active,42,262.720,168.736,64.674,1.0000,1,1.990,0,0,275.063,166.704,12.509,15,18,9,dormant,0,0,0,0,3.7034,0.0187,0.0000,0,0,0
283,8.505740,active,42,262.864,163.055,67.732,1.0000,1,1.990,0,0,274.941,165.377,12.298,17,19,9,dormant,0,0,0,0,3.6050,0.0314,0.0000,0,0,0
284,8.535796,active,42,261.764,171.940,61.637,1.0000,1,1.990,0,0,273.169,164.784,13.464,15,19,9,dormant,0,0,0,0,3.4122,0.2908,0.0000,0,0,0
285,8.565851,active,42,265.401,163.763,63.331,1.0000,1,1.990,0,0,269.698,164.323,4.334,16,18,9,dormant,0,0,0,0,2.8792,0.3136,0.0000,0,0,0
286,8.595907,active,42,266.198,167.959,60.458,1.0000,1,1.990,0,0,267.383,162.090,5.988,15,18,11,dormant,0,0,0,0,2.7579,0.4028,0.0000,0,0,0
287,8.625963,active,42,267.921,169.023,54.689,1.0000,1,1.990,0,0,265.177,160.377,9.072,15,18,12,dormant,0,0,0,0,3.1639,0.7241,0.0000,0,0,0
288,8.656018,active,42,265.528,164.138,59.006,0.8607,1,2.431,1,1,260.597,158.667,7.366,14,18,12,dormant,0,0,0,0,3.4281,1.4076,0.0000,0,0,0
289,8.686074,active,42,265.294,162.969,58.548,0.7408,1,2.873,2,1,256.332,155.447,11.701,14,18,12,dormant,0,0,0,0,3.0027,0.3555,0.0000,0,0,0
290,8.716129,active,42,244.927,157.528,72.949,1.0000,1,2.397,0,0,251.270,152.831,7.893,15,18,12,dormant,0,0,0,0,2.7664,0.1196,0.0000,0,0,0
291,8.746185,active,42,241.490,160.555,74.511,1.0000,1,2.190,0,0,245.517,149.342,11.915,15,18,12,dormant,0,0,0,0,3.2220,1.0086,0.0000,0,0,0
292,8.776241,active,42,242.239,134.000,62.211,1.0000,1,2.088,0,0,239.846,144.446,10.716,15,18,12,dormant,0,0,0,0,3.4859,1.5675,0.0000,0,0,0
293,8.806296,active,42,243.317,144.689,69.642,1.0000,1,2.037,0,0,234.952,141.524,8.944,15,18,12,dormant,0,0,0,0,4.0011,1.4094,0.0000,0,0,0
294,8.836352,active,42,243.352,131.293,65.649,1.0000,1,2.011,0,0,233.134,139.668,13.211,15,18,11,dormant,0,0,0,0,2.9115,1.8313,0.0000,0,0,0
295,8.866408,active,42,242.687,126.085,65.401,1.0000,1,1.999,0,0,231.103,137.952,16.584,15,18,11,dormant,0,0,0,0,2.8025,1.6505,0.0000,0,0,0
296,8.896463,active,42,245.430,123.063,66.650,1.0000,1,1.993,0,0,228.286,135.692,21.293,15,18,11,dormant,0,0,0,0,3.4627,1.8370,0.0000,0,0,0
297,8.926519,active,42,242.702,123.153,66.002,1.0000,1,1.991,0,0,227.518,133.326,18.277,14,18,11,dormant,0,0,0,0,2.7427,1.8584,0.0000,0,0,0
298,8.956574,active,42,237.724,121.556,64.045,1.0000,1,1.990,0,0,225.885,131.948,15.753,13,18,11,dormant,0,0,0,0,3.2175,1.4390,0.0000,0,0,0
299,8.986630,active,42,238.967,140.083,61.546,1.0000,1,1.990,0,0,225.096,129.775,17.282,13,18,11,dormant,0,0,0,0,3.9956,1.3214,0.0000,0,0,0
300,9.016686,active,42,239.809,139.901,62.260,1.0000,1,1.990,0,0,222.889,128.684,20.300,14,18,11,dormant,0,0,0,0,2.6936,1.1381,0.0000,0,0,0
301,9.046741,active,42,241.691,134.181,63.349,1.0000,1,1.990,0,0,223.503,125.969,19.956,14,18,11,dormant,0,0,0,0,3.0522,1.4070,0.0000,0,0,0
302,9.076797,active,42,229.410,126.839,58.946,1.0000,1,1.990,0,0,223.646,123.640,6.592,14,18,11,dormant,0,0,0,0,2.6788,2.0768,0.0000,0,0,0
303,9.106852,active,42,231.839,108.379,67.501,1.0000,1,1.990,0,0,223.410,120.700,14.928,16,20,11,dormant,0,0,0,0,2.7425,1.5247,0.0000,0,0,0
304,9.136908,active,42,234.539,104.513,67.335,1.0000,1,1.990,0,0,223.821,119.650,18.547,15,19,12,dormant,0,0,0,0,2.2836,1.5071,0.0000,0,0,0
305,9.166964,active,42,233.478,103.980,68.240,1.0000,1,1.990,0,0,223.576,118.604,17.661,15,19,12,dormant,0,0,0,0,2.2499,1.9059,0.0000,0,0,0
306,9.197019,active,42,233.676,100.848,69.054,1.0000,1,1.990,0,0,223.801,118.506,20.232,16,18,12,dormant,0,0,0,0,2.1793,1.7218,0.0000,0,0,0
307,9.227075,active,42,234.496,101.583,68.244,1.0000,1,1.990,0,0,224.118,117.259,18.800,15,18,12,dormant,0,0,0,0,2.0841,1.7051,0.0000,0,0,0
308,9.257131,active,42,232.467,101.784,69.044,1.0000,1,1.990,0,0,224.081,114.871,15.544,15,18,12,dormant,0,0,0,0,2.1717,2.3912,0.0000,0,0,0
309,9.287186,active,42,233.713,102.647,68.436,1.0000,1,1.990,0,0,222.104,110.304,13.907,15,17,12,dormant,0,0,0,0,1.7244,1.9232,0.0000,0,0,0
310,9.317242,active,42,231.700,100.975,68.773,1.0000,1,1.990,0,0,219.405,106.616,13.527,15,17,12,dormant,0,0,0,0,2.1943,1.1009,0.0000,0,0,0
311,9.347297,active,42,230.328,97.382,67.990,1.0000,1,1.990,0,0,217.481,103.313,14.150,15,17,12,dormant,0,0,0,0,1.9468,1.9862,0.0000,0,0,0
312,9.377353,active,42,230.747,95.719,67.333,1.0000,1,1.990,0,0,215.411,101.517,16.396,15,17,12,dormant,0,0,0,0,1.7502,2.7703,0.0000,0,0,0
313,9.407409,active,42,231.773,104.639,60.089,1.0000,1,1.990,0,0,213.871,100.380,18.401,15,16,12,dormant,0,0,0,0,1.5931,2.8403,0.0000,0,0,0
314,9.437464,active,42,228.488,96.089,63.726,1.0000,1,1.990,0,0,212.922,100.047,16.062,15,16,12,dormant,0,0,0,0,1.7904,2.7784,0.0000,0,0,0
315,9.467520,active,42,227.426,102.991,59.082,1.0000,1,1.990,0,0,211.583,99.832,16.155,16,17,12,dormant,0,0,0,0,1.8720,3.0503,0.0000,0,0,0
316,9.497576,active,42,221.459,98.588,63.878,1.0000,1,1.990,0,0,209.649,99.548,11.848,15,17,12,dormant,0,0,0,0,1.3249,2.5252,0.0000,0,0,0
317,9.527631,active,42,216.213,87.835,68.234,1.0000,1,1.990,0,0,209.418,98.090,12.302,15,17,12,dormant,0,0,0,0,1.3213,2.9516,0.0000,0,0,0
318,9.557687,active,42,217.117,97.437,60.947,1.0000,1,1.990,0,0,208.821,96.881,8.314,15,17,12,dormant,0,0,0,0,1.6469,2.4637,0.0000,0,0,0
319,9.587742,active,42,214.264,89.981,65.216,1.0000,1,1.990,0,0,209.195,96.099,7.945,14,17,12,dormant,0,0,0,0,1.0219,1.5770,0.0000,0,0,0
320,9.617798,active,42,211.776,82.403,67.442,1.0000,1,1.990,0,0,209.249,98.170,15.969,14,17,12,dormant,0,0,0,0,0.6955,2.1381,0.0000,0,0,0
321,9.647854,active,42,213.448,78.833,68.981,1.0000,1,1.990,0,0,209.613,97.656,19.210,14,17,12,dormant,0,0,0,0,0.5906,1.7393,0.0000,0,0,0
322,9.677909,active,42,214.401,74.019,67.771,1.0000,1,1.990,0,0,209.521,97.839,24.315,14,17,12,dormant,0,0,0,0,0.4774,2.3445,0.0000,0,0,0
323,9.707965,active,42,218.041,72.024,68.465,1.0000,1,1.990,0,0,209.638,97.619,26.940,14,17,12,dormant,0,0,0,0,0.4359,3.0774,0.0000,0,0,0
324,9.738020,active,42,217.594,48.210,58.439,1.0000,1,1.990,0,0,209.551,97.438,49.881,14,17,12,dormant,0,0,0,0,0.3648,3.0840,0.0000,0,0,0
325,9.768076,active,42,217.331,68.564,66.924,1.0000,1,1.990,0,0,209.068,97.541,30.132,14,17,12,dormant,0,0,0,0,0.2761,2.1877,0.0000,0,0,0
326,9.798132,active,42,217.502,68.367,66.965,1.0000,1,1.990,0,0,209.567,97.540,30.233,14,17,12,dormant,0,0,0,0,0.0168,1.7438,0.0000,0,0,0
327,9.828187,active,42,218.250,56.981,61.413,1.0000,1,1.990,0,0,209.486,97.457,41.414,15,17,12,dormant,0,0,0,0,-0.1374,1.8346,0.0000,0,0,0
328,9.858243,active,42,218.403,66.685,66.570,1.0000,1,1.990,0,0,209.312,97.294,31.930,14,17,12,dormant,0,0,0,0,-0.0144,1.9762,0.0000,0,0,0
329,9.888299,active,42,215.553,69.355,66.104,1.0000,1,1.990,0,0,208.879,97.148,28.583,14,17,11,dormant,0,0,0,0,-0.4672,2.3847,0.0000,0,0,0
330,9.918354,active,42,216.667,72.070,68.571,1.0000,1,1.990,0,0,209.127,97.371,26.401,14,17,11,dormant,0,0,0,0,-0.2892,2.2555,0.0000,0,0,0
331,9.948410,active,42,215.184,57.817,61.226,1.0000,1,1.990,0,0,209.442,97.459,40.056,14,17,11,dormant,0,0,0,0,-0.3214,1.8201,0.0000,0,0,0
332,9.978465,active,42,212.590,56.795,57.538,1.0000,1,1.990,0,0,209.188,97.527,40.873,14,17,11,dormant,0,0,0,0,-0.7169,2.4547,0.0000,0,0,0
333,10.008521,active,42,216.411,50.658,59.411,1.0000,1,1.990,0,0,209.397,93.651,43.561,14,17,11,dormant,0,0,0,0,-0.7697,2.4021,0.0000,0,0,0
334,10.038577,active,42,214.546,55.066,59.735,1.0000,1,1.990,0,0,209.318,86.519,31.884,13,17,11,dormant,0,0,0,0,-0.8032,2.0889,0.0000,0,0,0
335,10.068632,active,42,215.258,60.989,62.378,1.0000,1,1.990,0,0,207.945,82.648,22.860,13,17,11,dormant,0,0,0,0,-0.6947,1.4992,0.0000,0,0,0
336,10.098688,active,42,214.131,60.006,63.283,1.0000,1,1.990,0,0,207.428,77.123,18.382,13,17,11,dormant,0,0,0,0,-0.8903,2.0764,0.0000,0,0,0
337,10.128743,active,42,213.442,56.924,61.957,1.0000,1,1.990,0,0,205.097,70.516,15.949,13,17,11,dormant,0,0,0,0,-1.4636,1.9582,0.0000,0,0,0
338,10.158799,active,42,214.085,54.936,61.334,1.0000,1,1.990,0,0,205.188,67.486,15.384,13,16,11,dormant,0,0,0,0,-1.8898,1.8137,0.0000,0,0,0
339,10.188855,active,42,214.430,54.963,62.147,1.0000,1,1.990,0,0,205.348,64.534,13.194,13,15,11,dormant,0,0,0,0,-1.2788,1.6014,0.0000,0,0,0
340,10.218910,active,42,214.346,56.554,63.526,1.0000,1,1.990,0,0,203.523,60.583,11.549,14,16,11,dormant,0,0,0,0,-1.2913,1.7203,0.0000,0,0,0
341,10.248966,active,42,212.781,55.457,62.513,1.0000,1,1.990,0,0,203.159,57.334,9.804,13,16,11,dormant,0,0,0,0,-1.5341,1.9952,0.0000,0,0,0
342,10.279022,active,42,212.316,59.083,62.435,1.0000,1,1.990,0,0,203.322,54.540,10.076,13,16,11,dormant,0,0,0,0,-1.8857,2.4535,0.0000,0,0,0
343,10.309077,active,42,211.934,58.644,64.305,1.0000,1,1.990,0,0,203.650,50.143,11.870,15,17,12,dormant,0,0,0,0,-1.9275,1.9831,0.0000,0,0,0
344,10.339133,active,42,210.652,57.808,64.116,1.0000,1,1.990,0,0,203.293,45.900,13.999,15,17,12,dormant,0,0,0,0,-1.7602,1.5752,0.0000,0,0,0
345,10.369188,active,42,210.302,60.028,65.382,1.0000,1,1.990,0,0,202.993,44.101,17.524,15,18,12,dormant,0,0,0,0,-2.1426,1.4680,0.0000,0,0,0
346,10.399244,active,42,210.147,61.183,64.379,1.0000,1,1.990,0,0,203.193,43.397,19.097,16,18,12,dormant,0,0,0,0,-2.5943,1.3670,0.0000,0,0,0
347,10.429300,active,42,206.984,64.574,65.025,1.0000,1,1.990,0,0,203.510,43.686,21.176,15,18,12,dormant,0,0,0,0,-2.5205,1.9861,0.0000,0,0,0
348,10.459355,active,42,202.095,64.154,65.323,1.0000,1,1.990,0,0,204.008,43.523,20.719,15,17,12,dormant,0,0,0,0,-2.4722,1.5820,0.0000,0,0,0
349,10.489411,active,42,201.551,65.192,64.631,1.0000,1,1.990,0,0,204.023,43.623,21.711,15,17,12,dormant,0,0,0,0,-2.4932,1.5315,0.0000,0,0,0
350,10.519467,active,42,201.719,66.036,65.152,1.0000,1,1.990,0,0,203.443,43.452,22.650,15,17,12,dormant,0,0,0,0,-3.4395,0.9676,0.0000,0,0,0
351,10.549522,active,42,199.055,67.370,66.533,1.0000,1,1.990,0,0,204.071,43.289,24.598,15,17,12,dormant,0,0,0,0,-2.6061,1.2239,0.0000,0,0,0
352,10.579578,active,42,196.989,66.272,67.470,1.0000,1,1.990,0,0,204.145,43.418,23.948,15,17,12,dormant,0,0,0,0,-2.4888,1.6501,0.0000,0,0,0
353,10.609633,active,42,197.710,68.976,67.279,1.0000,1,1.990,0,0,204.198,43.361,26.424,17,19,12,dormant,0,0,0,0,-3.1142,1.4082,0.0000,0,0,0
354,10.639689,active,42,196.611,68.917,68.624,1.0000,1,1.990,0,0,203.935,43.669,26.288,17,18,12,dormant,0,0,0,0,-2.7263,1.8072,0.0000,0,0,0
355,10.669745,active,42,195.953,70.503,68.001,1.0000,1,1.990,0,0,203.820,43.448,28.175,17,18,12,dormant,0,0,0,0,-2.8381,1.7416,0.0000,0,0,0
356,10.699800,active,42,194.899,72.543,68.812,1.0000,1,1.990,0,0,204.126,43.331,30.635,17,18,12,dormant,0,0,0,0,-3.1648,1.2333,0.0000,0,0,0
357,10.729856,active,42,193.060,73.473,69.500,1.0000,1,1.990,0,0,203.671,43.704,31.603,17,18,11,dormant,0,0,0,0,-2.9337,1.3486,0.0000,0,0,0
358,10.759911,active,42,191.545,75.262,69.824,1.0000,1,1.990,0,0,203.774,43.724,33.826,17,18,11,dormant,0,0,0,0,-2.8371,1.6755,0.0000,0,0,0
359,10.789967,active,42,191.417,76.858,69.507,1.0000,1,1.990,0,0,203.015,44.524,34.351,18,18,12,dormant,0,0,0,0,-2.4774,1.5145,0.0000,0,0,0
360,10.820023,active,42,187.148,78.151,70.706,1.0000,1,1.990,0,0,202.940,44.280,37.372,17,18,12,dormant,0,0,0,0,-2.8301,0.8375,0.0000,0,0,0
361,10.850078,active,42,188.790,77.931,69.490,1.0000,1,1.990,0,0,201.510,47.582,32.907,17,18,12,dormant,0,0,0,0,-2.6434,0.9050,0.0000,0,0,0
362,10.880134,active,42,187.753,77.177,68.553,1.0000,1,1.990,0,0,200.340,47.840,31.923,18,18,12,dormant,0,0,0,0,-3.1645,0.6946,0.0000,0,0,0
363,10.910190,active,42,189.566,77.504,68.004,1.0000,1,1.990,0,0,199.868,48.516,30.764,17,18,12,dormant,0,0,0,0,-2.7443,0.6843,0.0000,0,0,0
364,10.940245,active,42,188.673,81.284,69.089,1.0000,1,1.990,0,0,197.625,50.316,32.236,17,18,12,dormant,0,0,0,0,-2.6424,0.9119,0.0000,0,0,0
365,10.970301,active,42,186.406,81.394,70.341,1.0000,1,1.990,0,0,194.271,53.476,29.004,17,18,12,dormant,0,0,0,0,-4.3818,0.7816,0.0000,0,0,0
366,11.000356,active,42,186.891,81.618,71.157,1.0000,1,1.990,0,0,189.255,56.540,25.189,18,19,12,dormant,0,0,0,0,-4.0673,0.4318,0.0000,0,0,0
367,11.030412,active,42,186.451,84.108,69.576,1.0000,1,1.990,0,0,183.180,62.909,21.451,17,19,12,dormant,0,0,0,0,-3.8172,0.5073,0.0000,0,0,0
368,11.060468,active,42,186.120,84.833,68.652,1.0000,1,1.990,0,0,177.401,67.158,19.709,18,20,12,dormant,0,0,0,0,-3.4714,0.3516,0.0000,0,0,0
369,11.090523,active,42,183.899,85.632,66.657,1.0000,1,1.990,0,0,174.332,70.478,17.921,17,20,12,dormant,0,0,0,0,-2.9585,0.6202,0.0000,0,0,0
370,11.120579,active,42,176.107,84.516,61.224,1.0000,1,1.990,0,0,171.186,74.282,11.356,18,20,12,dormant,0,0,0,0,-3.5203,0.4822,0.0000,0,0,0
371,11.150635,active,42,169.661,89.561,55.730,1.0000,1,1.990,0,0,171.007,75.950,13.677,18,20,12,dormant,0,0,0,0,-3.7703,0.3688,0.0000,0,0,0
372,11.180690,active,42,188.197,89.253,63.271,1.0000,1,1.990,0,0,171.110,78.038,20.439,18,20,12,dormant,0,0,0,0,-3.7511,0.3480,0.0000,0,0,0
373,11.210746,active,42,192.595,90.985,65.777,1.0000,1,1.990,0,0,170.395,78.666,25.389,18,20,11,dormant,0,0,0,0,-2.7819,0.1517,0.0000,0,0,0
374,11.240801,active,42,193.274,91.515,65.619,1.0000,1,1.990,0,0,169.963,80.720,25.689,18,20,11,dormant,0,0,0,0,-2.4963,0.0199,0.0000,0,0,0
375,11.270857,active,42,194.844,91.506,65.503,1.0000,1,1.990,0,0,169.944,80.789,27.108,19,20,11,dormant,0,0,0,0,-2.9998,-0.0046,0.0000,0,0,0
376,11.300913,active,42,183.263,92.265,59.563,1.0000,1,1.990,0,0,170.109,82.034,16.665,18,20,11,dormant,0,0,0,0,-3.7533,-0.0428,0.0000,0,0,0
377,11.330968,active,42,189.046,93.508,62.455,1.0000,1,1.990,0,0,170.210,84.710,20.790,18,20,11,dormant,0,0,0,0,-3.4423,0.0820,0.0000,0,0,0
378,11.361024,active,42,194.548,96.379,62.677,1.0000,1,1.990,0,0,169.871,86.567,26.557,18,20,11,dormant,0,0,0,0,-2.5685,0.0533,0.0000,0,0,0
379,11.391079,active,42,190.182,96.356,62.235,0.8607,1,2.431,1,1,170.004,88.693,21.584,16,20,11,dormant,0,0,0,0,-3.3061,0.0951,0.0000,0,0,0
380,11.421135,active,42,190.395,97.409,62.033,0.7408,1,2.873,2,1,169.767,88.817,22.346,16,20,11,dormant,0,0,0,0,-3.7660,-0.2657,0.0000,0,0,0
381,11.451191,active,42,190.608,98.461,61.832,0.6376,1,3.321,3,1,169.941,88.714,22.850,17,21,11,dormant,0,0,0,0,-2.9066,-0.1599,0.0000,0,0,0
382,11.481246,active,42,190.821,99.514,61.630,0.5488,1,3.777,4,1,169.992,89.571,23.080,17,21,11,dormant,0,0,0,0,-3.1742,-0.1897,0.0000,0,0,0
383,11.511302,active,42,219.159,135.280,57.878,1.0000,1,2.683,0,0,169.754,91.718,65.867,18,20,11,dormant,0,0,0,0,-3.9731,-0.0778,0.0000,0,0,0
384,11.541358,active,42,218.280,135.686,56.893,1.0000,1,2.310,0,0,171.620,94.502,62.236,18,20,11,dormant,0,0,0,0,-3.8680,-0.0548,0.0000,0,0,0
385,11.571413,active,42,198.685,135.322,65.454,1.0000,1,2.141,0,0,177.110,97.256,43.755,16,20,11,dormant,0,0,0,0,-3.6273,-0.4734,0.0000,0,0,0
386,11.601469,active,42,209.440,137.172,62.155,1.0000,1,2.059,0,0,181.385,102.674,44.465,18,21,11,dormant,0,0,0,0,-4.1960,-0.4058,0.0000,0,0,0
387,11.631524,active,42,215.586,136.047,59.206,1.0000,1,2.020,0,0,184.878,106.371,42.704,17,22,11,dormant,0,0,0,0,-4.8452,-0.3478,0.0000,0,0,0
388,11.661580,active,42,219.905,135.396,56.843,1.0000,1,2.002,0,0,191.766,112.354,36.369,16,22,11,dormant,0,0,0,0,-3.8857,-0.3839,0.0000,0,0,0
389,11.691636,active,42,216.798,135.590,57.624,1.0000,1,1.994,0,0,197.927,118.763,25.283,16,22,10,dormant,0,0,0,0,-3.9215,-0.5047,0.0000,0,0,0
390,11.721691,active,42,214.066,138.621,57.693,1.0000,1,1.991,0,0,200.974,123.831,19.752,16,22,10,dormant,0,0,0,0,-3.7793,-0.7452,0.0000,0,0,0
391,11.751747,active,42,213.061,151.603,62.556,1.0000,1,1.990,0,0,203.681,129.660,23.864,15,22,10,dormant,0,0,0,0,-3.6632,-0.8518,0.0000,0,0,0
392,11.781803,active,42,211.085,150.836,62.569,1.0000,1,1.990,0,0,207.038,133.764,17.544,16,22,10,dormant,0,0,0,0,-3.2301,-0.8412,0.0000,0,0,0
393,11.811858,active,42,213.140,146.961,61.931,1.0000,1,1.991,0,0,207.669,137.216,11.176,16,21,10,dormant,0,0,0,0,-3.8227,-0.6363,0.0000,0,0,0
394,11.841914,active,42,209.375,145.641,61.208,1.0000,1,1.991,0,0,208.007,139.746,6.051,16,21,10,dormant,0,0,0,0,-3.6860,-0.4461,0.0000,0,0,0
395,11.871969,active,42,214.948,153.407,60.755,0.8607,1,2.433,1,1,207.489,139.848,15.475,15,21,10,dormant,0,0,0,0,-2.7902,-0.9954,0.0000,0,0,0
396,11.902025,active,42,215.488,143.781,59.709,1.0000,1,2.213,0,0,207.702,139.674,8.802,16,21,11,dormant,0,0,0,0,-3.0652,-0.5721,0.0000,0,0,0
397,11.932081,active,42,216.769,160.187,55.180,1.0000,1,2.104,0,0,207.734,140.503,21.659,16,20,11,dormant,0,0,0,0,-3.3073,-0.9485,0.0000,0,0,0
398,11.962136,active,42,217.051,157.331,56.187,1.0000,1,2.048,0,0,207.564,140.480,19.338,16,19,10,dormant,0,0,0,0,-3.3232,-1.1826,0.0000,0,0,0
399,11.992192,active,42,217.333,158.320,57.430,1.0000,1,2.019,0,0,207.623,140.562,20.240,16,19,9,dormant,0,0,0,0,-2.4258,-1.3769,0.0000,0,0,0
400,12.022247,active,42,217.270,148.602,62.859,1.0000,1,2.004,0,0,207.386,141.301,12.288,16,18,9,dormant,0,0,0,0,-3.1135,-1.6821,0.0000,0,0,0
401,12.052303,active,42,221.721,148.523,65.847,1.0000,1,1.996,0,0,207.427,141.260,16.034,16,18,9,dormant,0,0,0,0,-2.8259,-1.4931,0.0000,0,0,0
402,12.082359,active,42,219.344,148.531,64.637,1.0000,1,1.993,0,0,207.648,141.065,13.876,16,18,9,dormant,0,0,0,0,-2.9192,-1.3139,0.0000,0,0,0
403,12.112414,active,42,220.289,150.997,64.190,1.0000,1,1.991,0,0,207.595,141.022,16.145,16,18,9,dormant,0,0,0,0,-2.9020,-1.2714,0.0000,0,0,0
404,12.142470,active,42,228.290,151.603,66.294,1.0000,1,1.990,0,0,207.833,141.141,22.977,16,18,9,dormant,0,0,0,0,-2.7131,-1.5671,0.0000,0,0,0
405,12.172526,active,42,226.472,152.480,65.941,1.0000,1,1.990,0,0,207.655,141.293,21.892,16,17,9,dormant,0,0,0,0,-2.2225,-1.7022,0.0000,0,0,0
406,12.202581,active,42,229.146,153.146,66.512,1.0000,1,1.990,0,0,207.615,141.192,24.627,17,17,11,dormant,0,0,0,0,-1.9548,-1.6075,0.0000,0,0,0
407,12.232637,active,42,229.938,153.644,67.238,1.0000,1,1.990,0,0,207.511,141.124,25.684,16,17,11,dormant,0,0,0,0,-2.5550,-1.4393,0.0000,0,0,0
408,12.262692,done,42,229.797,157.876,65.673,1.0000,1,1.990,0,0,207.439,141.454,,17,17,11,dormant,0,0,0,0,-2.3233,-1.4369,0.0000,0,0,0
409,12.292748,done,42,230.305,161.360,65.586,1.0000,1,1.990,0,0,207.358,141.409,,16,17,11,dormant,0,0,0,0,-2.2307,-1.7233,0.0000,0,0,0
410,12.322804,done,42,242.338,161.132,66.282,1.0000,1,1.990,0,0,207.408,142.394,,16,17,11,dormant,0,0,0,0,-2.1453,-1.6016,0.0000,0,0,0
411,12.352859,done,42,244.288,160.217,66.734,1.0000,1,1.990,0,0,207.797,144.387,,16,17,11,dormant,0,0,0,0,-1.9096,-1.8653,0.0000,0,0,0
412,12.382915,done,42,236.277,159.043,62.213,1.0000,1,1.990,0,0,207.991,145.847,,15,17,11,dormant,0,0,0,0,-1.8311,-1.7718,0.0000,0,0,0
413,12.412971,done,42,223.463,159.813,55.507,1.0000,1,1.990,0,0,209.668,148.086,,15,17,11,dormant,0,0,0,0,-1.8673,-2.0647,0.0000,0,0,0
414,12.443026,done,42,236.212,163.784,62.536,1.0000,1,1.990,0,0,213.595,153.492,,13,17,11,dormant,0,0,0,0,-2.0168,-1.2575,0.0000,0,0,0
415,12.473082,done,42,233.040,160.696,61.995,1.0000,1,1.990,0,0,220.920,159.474,,14,17,11,dormant,0,0,0,0,-1.7565,-1.8300,0.0000,0,0,0
416,12.503137,done,42,231.858,162.188,63.549,1.0000,1,1.990,0,0,224.994,162.293,,13,17,12,dormant,0,0,0,0,-1.5649,-2.1396,0.0000,0,0,0
417,12.533193,done,42,233.313,166.865,66.702,1.0000,1,1.990,0,0,227.549,165.110,,12,17,12,dormant,0,0,0,0,-1.2888,-1.7457,0.0000,0,0,0
418,12.563249,done,42,232.537,167.126,66.868,1.0000,1,1.990,0,0,231.502,167.164,,13,17,12,dormant,0,0,0,0,-1.1419,-1.9790,0.0000,0,0,0
419,12.593304,done,42,231.069,165.099,65.519,1.0000,1,1.990,0,0,234.169,168.309,,14,18,11,dormant,0,0,0,0,-1.3912,-2.0122,0.0000,0,0,0
420,12.623360,done,42,232.458,163.603,65.577,1.0000,1,1.990,0,0,234.096,168.437,,15,19,12,dormant,0,0,0,0,-1.1395,-2.0809,0.0000,0,0,0
421,12.653415,done,42,233.701,163.248,65.876,1.0000,1,1.990,0,0,233.949,168.282,,14,19,12,dormant,0,0,0,0,-0.8363,-2.1234,0.0000,0,0,0
422,12.683471,done,42,233.434,163.132,66.544,1.0000,1,1.990,0,0,233.820,168.048,,14,19,12,dormant,0,0,0,0,-0.6856,-2.5400,0.0000,0,0,0
423,12.713527,done,42,232.679,161.605,66.549,1.0000,1,1.990,0,0,234.839,168.036,,14,19,12,dormant,0,0,0,0,-0.7338,-1.9978,0.0000,0,0,0
424,12.743582,done,42,233.178,160.415,66.550,1.0000,1,1.990,0,0,234.735,167.907,,14,19,12,dormant,0,0,0,0,-0.5793,-2.2033,0.0000,0,0,0
425,12.773638,done,42,233.309,158.884,67.028,1.0000,1,1.990,0,0,234.641,168.023,,15,20,12,dormant,0,0,0,0,-0.5716,-1.9399,0.0000,0,0,0
426,12.803694,done,42,238.122,158.419,68.573,1.0000,1,1.990,0,0,235.635,168.394,,15,20,11,dormant,0,0,0,0,-0.1191,-1.7281,0.0000,0,0,0
427,12.833749,done,42,237.900,156.605,66.569,1.0000,1,1.990,0,0,235.688,167.632,,14,20,10,dormant,0,0,0,0,-0.3428,-2.9649,0.0000,0,0,0
428,12.863805,done,42,239.166,155.180,66.626,1.0000,1,1.990,0,0,235.948,167.507,,14,20,10,dormant,0,0,0,0,-0.2221,-2.5364,0.0000,0,0,0
429,12.893860,done,42,239.480,153.858,67.114,1.0000,1,1.990,0,0,235.486,166.290,,14,19,10,dormant,0,0,0,0,0.0925,-2.5408,0.0000,0,0,0
430,12.923916,done,42,239.435,153.295,67.787,1.0000,1,1.990,0,0,235.595,166.506,,14,19,10,dormant,0,0,0,0,-0.0196,-2.0539,0.0000,0,0,0
431,12.953972,done,42,238.552,151.926,68.169,1.0000,1,1.990,0,0,237.651,163.530,,14,19,10,dormant,0,0,0,0,-0.1701,-2.1119,0.0000,0,0,0
432,12.984027,done,63,480.955,271.816,65.740,1.0000,1,1.990,0,0,237.472,161.388,,15,19,10,dormant,0,0,0,0,0.0575,-1.9802,0.0000,0,0,1
433,13.014083,done,63,480.217,279.681,57.470,1.0000,1,1.990,0,0,237.530,160.650,,16,20,10,dormant,0,0,0,0,0.1662,-2.1072,0.0000,0,0,0
434,13.044139,done,63,476.560,270.563,62.648,0.8607,1,2.431,1,1,237.778,158.443,,15,19,10,dormant,0,0,0,0,0.4862,-2.3311,0.0000,0,0,0
435,13.074194,done,63,475.770,268.447,62.296,0.7408,1,2.873,2,1,237.940,158.339,,15,19,10,dormant,0,0,0,0,0.6103,-3.1127,0.0000,0,0,0
436,13.104250,done,63,474.980,266.331,61.945,0.6376,1,3.321,3,1,238.051,158.418,,15,18,10,dormant,0,0,0,0,0.4780,-1.7286,0.0000,0,0,0
437,13.134305,done,63,474.190,264.215,61.593,0.5488,1,3.777,4,1,237.972,158.234,,17,19,10,dormant,0,0,0,0,0.8016,-2.7404,0.0000,0,0,0
438,13.164361,done,63,473.400,262.099,61.242,0.4724,1,4.243,5,1,238.539,157.456,,16,19,11,dormant,0,0,0,0,0.6854,-2.6174,0.0000,0,0,0
439,13.194417,done,42,234.946,147.326,66.334,1.0000,1,1.990,0,0,238.026,157.336,,16,20,11,dormant,0,0,0,0,0.8572,-1.8465,0.0000,0,0,1
440,13.224472,done,42,234.815,145.753,66.832,1.0000,1,1.990,0,0,238.259,157.213,,16,20,11,dormant,0,0,0,0,0.9366,-1.8197,0.0000,0,0,0
441,13.254528,done,42,236.113,148.490,66.787,1.0000,1,1.990,0,0,251.692,161.239,,16,19,11,dormant,0,0,0,0,1.4732,-2.2730,0.0000,0,0,0
442,13.284583,done,42,238.019,146.809,67.481,1.0000,1,1.990,0,0,261.305,164.650,,16,19,11,dormant,0,0,0,0,1.5817,-2.1834,0.0000,0,0,0
443,13.314639,done,42,238.090,146.312,67.848,1.0000,1,1.990,0,0,260.997,164.798,,16,19,11,dormant,0,0,0,0,1.4644,-2.1465,0.0000,0,0,0
444,13.344695,done,42,237.112,145.121,67.573,0.8607,1,2.431,1,1,,,,2,20,12,dormant,0,0,0,0,1.4644,-2.1465,0.0000,0,0,0
445,13.374750,done,42,237.184,144.669,67.650,0.7408,1,2.873,2,1,,,,1,21,12,dormant,0,0,0,0,1.4644,-2.1465,0.0000,0,0,0
446,13.404806,done,42,237.256,144.218,67.727,0.6376,1,3.321,3,1,,,,2,21,12,dormant,0,0,0,0,-0.2027,1.5588,0.0000,0,0,0
447,13.434862,done,42,237.327,143.767,67.803,0.5488,1,3.777,4,1,,,,0,21,12,dormant,0,0,0,0,-0.2027,1.5588,0.0000,0,0,0
448,13.464917,done,42,237.399,143.315,67.880,0.4724,1,4.243,5,1,,,,1,21,12,dormant,0,0,0,0,0.1888,-0.1579,0.0000,0,0,0
449,13.494973,done,42,237.471,142.864,67.957,0.4066,1,4.721,6,1,,,,0,21,12,dormant,0,0,0,0,0.1888,-0.1579,0.0000,0,0,0
450,13.525028,done,42,237.542,142.413,68.033,0.3499,1,5.209,7,1,,,,1,21,12,dormant,0,0,0,0,-0.1379,-0.0852,0.0000,0,0,0
451,13.555084,done,42,237.614,141.961,68.110,0.3012,1,5.710,8,1,,,,1,21,12,dormant,0,0,0,0,0.3295,-0.1947,0.0000,0,0,0
452,13.585140,done,42,237.686,141.510,68.187,0.2592,1,6.222,9,1,,,,2,21,12,dormant,0,0,0,0,0.3589,-1.2514,0.0000,0,0,0
453,13.615195,done,42,237.758,141.059,68.263,0.2231,1,6.745,10,1,,,,2,21,12,dormant,0,0,0,0,0.3092,-0.2795,0.0000,0,0,0
454,13.645251,done,42,237.829,140.607,68.340,0.1920,1,7.281,11,1,,,,2,20,12,dormant,0,0,0,0,0.1493,0.2815,0.0000,0,0,0
455,13.675307,done,42,237.901,140.156,68.417,0.1653,1,7.828,12,1,,,,2,20,12,dormant,0,0,0,0,0.8484,-0.1523,0.0000,0,0,0
456,13.705362,done,42,237.973,139.704,68.493,0.1423,1,8.386,13,1,,,,2,20,12,dormant,0,0,0,0,-0.1123,0.8132,0.0000,0,0,0
457,13.735418,done,42,238.044,139.253,68.570,0.1225,1,8.956,14,1,,,,3,20,12,dormant,0,0,0,0,0.0999,0.2919,0.0000,0,0,0
458,13.765473,done,77,587.637,372.026,54.248,1.0000,1,1.982,0,0,,,,4,19,4,dormant,0,0,0,0,-0.4602,0.1471,0.0000,0,0,1
459,13.795529,done,77,590.250,372.530,54.892,0.8607,1,2.421,1,1,,,,2,19,3,dormant,0,0,0,0,-0.0476,-0.2147,0.0000,0,0,0
460,13.825585,done,77,590.126,372.408,54.820,0.7408,1,2.864,2,1,,,,2,18,3,dormant,0,0,0,0,-0.1355,0.1463,0.0000,0,0,0
461,13.855640,done,77,604.973,372.854,61.255,1.0000,1,2.394,0,0,,,,3,18,3,dormant,0,0,0,0,-0.5214,-0.0787,0.0000,0,0,0
462,13.885696,done,77,597.684,372.461,57.810,0.8607,1,2.826,1,1,,,,2,18,3,dormant,0,0,0,0,-0.4488,-0.1934,0.0000,0,0,0
463,13.915751,done,77,598.214,372.364,57.873,0.7408,1,3.266,2,1,,,,2,18,3,dormant,0,0,0,0,-1.0882,0.0422,0.0000,0,0,0
464,13.945807,done,77,598.744,372.268,57.936,0.6376,1,3.715,3,1,,,,2,5,3,dormant,0,0,0,0,-0.5332,-0.0914,0.0000,0,0,0
465,13.975863,done,77,599.274,372.171,57.998,0.5488,1,4.176,4,1,,,,1,4,3,dormant,0,0,0,0,-0.2846,0.1649,0.0000,0,0,0
466,14.005918,done,77,599.803,372.074,58.061,0.4724,1,4.649,5,1,,,,0,4,3,dormant,0,0,0,0,-0.2846,0.1649,0.0000,0,0,0
467,14.035974,done,77,600.333,371.977,58.124,0.4066,1,5.133,6,1,,,,0,4,3,dormant,0,0,0,0,-0.2846,0.1649,0.0000,0,0,0
468,14.066030,done,77,600.863,371.880,58.187,0.3499,1,5.630,7,1,,,,0,4,3,dormant,0,0,0,0,-0.2846,0.1649,0.0000,0,0,0
469,14.096085,done,77,601.393,371.784,58.250,0.3012,1,6.138,8,1,,,,2,4,3,dormant,0,0,0,0,-0.2846,0.1649,0.0000,0,0,0
470,14.126141,done,77,601.923,371.687,58.313,0.2592,1,6.659,9,1,,,,2,4,2,dormant,0,0,0,0,-0.0846,0.0796,0.0000,0,0,0
471,14.156196,done,77,595.569,372.123,56.596,1.0000,1,3.121,0,0,,,,2,4,3,dormant,0,0,0,0,0.0248,0.0490,0.0000,0,0,0
472,14.186252,done,77,659.917,373.722,29.787,1.0000,1,2.460,0,0,,,,2,4,3,dormant,0,0,0,0,0.0410,-0.0156,0.0000,0,0,0
473,14.216308,done,77,631.103,372.839,43.120,0.8607,1,2.843,1,1,,,,1,4,3,dormant,0,0,0,0,0.0461,-0.0036,0.0000,0,0,0
474,14.246363,done,77,601.902,371.488,59.689,1.0000,1,2.367,0,0,,,,3,4,3,dormant,0,0,0,0,-0.2828,-0.1487,0.0000,0,0,0
475,14.276419,done,77,602.055,371.376,59.503,1.0000,1,2.164,0,0,,,,1,4,3,dormant,0,0,0,0,0.0223,-0.1230,0.0000,0,0,0
476,14.306474,done,77,586.457,370.796,53.462,1.0000,1,2.070,0,0,,,,2,4,3,dormant,0,0,0,0,-10.9119,-0.4428,0.0000,0,0,0
477,14.336530,done,77,583.953,370.944,52.516,1.0000,1,2.026,0,0,,,,2,4,3,dormant,0,0,0,0,-4.0767,-0.1035,0.0000,0,0,0
478,14.366586,done,77,586.697,371.449,54.245,1.0000,1,2.006,0,0,,,,1,4,3,dormant,0,0,0,0,0.6981,0.3223,0.0000,0,0,0
479,14.396641,done,77,584.957,371.130,53.374,1.0000,1,1.999,0,0,,,,3,5,3,dormant,0,0,0,0,-1.0089,-0.1263,0.0000,0,0,0
480,14.426697,done,77,592.761,370.245,54.382,1.0000,1,1.996,0,0,,,,1,5,4,dormant,0,0,0,0,5.1603,-0.6575,0.0000,0,0,0
481,14.456753,done,77,587.060,371.089,51.962,1.0000,1,1.995,0,0,,,,2,5,4,dormant,0,0,0,0,-2.4425,0.3938,0.0000,0,0,0
482,14.486808,done,77,585.583,371.015,51.296,1.0000,1,1.995,0,0,,,,2,5,4,dormant,0,0,0,0,-1.7486,-0.1925,0.0000,0,0,0
483,14.516864,done,77,583.088,370.771,52.415,1.0000,1,1.995,0,0,,,,2,5,4,dormant,0,0,0,0,-2.2709,-0.2284,0.0000,0,0,0
484,14.546919,done,77,583.011,370.598,52.326,0.8607,1,2.440,1,1,,,,1,5,3,dormant,0,0,0,0,-1.1547,-0.5741,0.0000,0,0,0
485,14.576975,done,77,581.640,370.495,52.242,0.7408,1,2.887,2,1,,,,1,5,3,dormant,0,0,0,0,0.1137,-0.1752,0.0000,0,0,0
486,14.607031,done,77,580.269,370.393,52.159,0.6376,1,3.339,3,1,,,,2,5,3,dormant,0,0,0,0,-0.6424,0.2008,0.0000,0,0,0
487,14.637086,done,77,578.899,370.291,52.075,0.5488,1,3.800,4,1,,,,1,5,3,dormant,0,0,0,0,-0.2382,0.0688,0.0000,0,0,0
488,14.667142,done,77,577.528,370.188,51.991,0.4724,1,4.271,5,1,,,,2,5,3,dormant,0,0,0,0,-0.0753,0.0331,0.0000,0,0,0
489,14.697198,done,77,576.157,370.086,51.907,0.4066,1,4.753,6,1,,,,3,5,3,dormant,0,0,0,0,0.1135,0.0167,0.0000,0,0,0
490,14.727253,done,77,574.786,369.984,51.824,0.3499,1,5.247,7,1,,,,1,5,3,dormant,0,0,0,0,1.4632,-0.3839,0.0000,0,0,0
491,14.757309,done,77,573.415,369.881,51.740,0.3012,1,5.752,8,1,,,,2,5,3,dormant,0,0,0,0,0.0878,-0.4790,0.0000,0,0,0
492,14.787364,done,77,572.044,369.779,51.656,0.2592,1,6.269,9,1,,,,4,5,3,dormant,0,0,0,0,0.1969,0.3209,0.0000,0,0,0
493,14.817420,done,77,570.674,369.677,51.573,0.2231,1,6.797,10,1,,,,4,6,3,dormant,0,0,0,0,-0.1462,0.0335,0.0000,0,0,0
494,14.847476,done,77,569.303,369.574,51.489,0.1920,1,7.337,11,1,,,,2,6,3,dormant,0,0,0,0,-0.2744,-0.3814,0.0000,0,0,0
495,14.877531,done,77,597.045,369.174,52.970,1.0000,1,3.172,0,0,,,,2,6,3,dormant,0,0,0,0,-0.2918,3.7676,0.0000,0,0,0
496,14.907587,done,77,596.475,368.428,52.456,1.0000,1,2.476,0,0,,,,3,7,3,dormant,0,0,0,0,-0.1549,0.6597,0.0000,0,0,0
497,14.937642,done,77,594.819,368.618,52.510,0.8607,1,2.853,1,1,,,,0,7,3,dormant,0,0,0,0,-0.1549,0.6597,0.0000,0,0,0
498,14.967698,done,77,595.111,368.477,52.477,0.7408,1,3.249,2,1,,,,0,7,3,dormant,0,0,0,0,-0.1549,0.6597,0.0000,0,0,0
499,14.997754,done,77,595.121,368.264,51.707,1.0000,1,2.517,0,0,,,,1,7,3,dormant,0,0,0,0,-0.9948,0.0832,0.0000,0,0,0
500,15.027809,done,77,595.534,368.154,52.005,0.8607,1,2.921,1,1,,,,1,7,3,dormant,0,0,0,0,-0.9948,0.0832,0.0000,0,0,0
501,15.057865,done,77,595.814,368.010,51.953,0.7408,1,3.340,2,1,,,,0,7,3,dormant,0,0,0,0,-0.9948,0.0832,0.0000,0,0,0
502,15.087921,done,77,596.094,367.866,51.901,0.6376,1,3.774,3,1,,,,1,7,3,dormant,0,0,0,0,3.3059,1.1740,0.0000,0,0,0
503,15.117976,done,77,596.374,367.722,51.849,0.5488,1,4.223,4,1,,,,1,7,2,dormant,0,0,0,0,3.3059,1.1740,0.0000,0,0,0
504,15.148032,done,77,596.655,367.578,51.797,0.4724,1,4.687,5,1,,,,0,7,2,dormant,0,0,0,0,3.3059,1.1740,0.0000,0,0,0
505,15.178087,done,77,596.935,367.434,51.746,0.4066,1,5.164,6,1,,,,1,7,2,dormant,0,0,0,0,3.3059,1.1740,0.0000,0,0,0
506,15.208143,done,77,597.215,367.290,51.694,0.3499,1,5.655,7,1,,,,0,7,2,dormant,0,0,0,0,3.3059,1.1740,0.0000,0,0,0
507,15.238199,done,77,597.495,367.146,51.642,0.3012,1,6.160,8,1,,,,0,7,2,dormant,0,0,0,0,3.3059,1.1740,0.0000,0,0,0
508,15.268254,done,77,597.775,367.002,51.590,0.2592,1,6.678,9,1,,,,0,7,2,dormant,0,0,0,0,3.3059,1.1740,0.0000,0,0,0
509,15.298310,done,77,613.443,420.057,63.717,1.0000,1,3.122,0,0,,,,1,7,2,dormant,0,0,0,0,3.3059,1.1740,0.0000,0,0,0
510,15.328366,done,77,611.646,412.730,61.374,0.8607,1,3.496,1,1,,,,1,7,2,dormant,0,0,0,0,3.3059,1.1740,0.0000,0,0,0
511,15.358421,done,77,612.736,415.386,61.743,0.7408,1,3.890,2,1,,,,1,7,2,dormant,0,0,0,0,3.3059,1.1740,0.0000,0,0,0
512,15.388477,done,77,613.826,418.042,62.111,0.6376,1,4.303,3,1,,,,1,7,2,dormant,0,0,0,0,15.6892,0.7121,0.0000,0,0,0
513,15.418532,done,77,614.916,420.698,62.479,0.5488,1,4.733,4,1,,,,0,6,2,dormant,0,0,0,0,15.6892,0.7121,0.0000,0,0,0
514,15.448588,done,77,616.006,423.353,62.848,0.4724,1,5.181,5,1,,,,1,5,2,dormant,0,0,0,0,-17.1076,-10.1345,0.0000,0,0,0
515,15.478644,done,77,617.096,426.009,63.216,0.4066,1,5.644,6,1,,,,1,5,2,dormant,0,0,0,0,10.1478,-1.1883,0.0000,0,0,0
516,15.508699,done,77,618.186,428.665,63.584,0.3499,1,6.123,7,1,,,,1,5,2,dormant,0,0,0,0,-2.5101,-3.5760,0.0000,0,0,0
517,15.538755,done,77,619.276,431.321,63.953,0.3012,1,6.617,8,1,,,,1,5,2,dormant,0,0,0,0,-1.8119,-1.3555,0.0000,0,0,0
518,15.568810,done,77,620.366,433.976,64.321,0.2592,1,7.125,9,1,,,,1,5,1,dormant,0,0,0,0,-8.3406,-1.7339,0.0000,0,0,0
519,15.598866,done,77,621.456,436.632,64.689,0.2231,1,7.646,10,1,,,,1,5,1,dormant,0,0,0,0,-2.9707,-3.4795,0.0000,0,0,0
520,15.628922,done,77,622.546,439.288,65.058,0.1920,1,8.181,11,1,,,,2,5,2,dormant,0,0,0,0,-1.0227,-1.9843,0.0000,0,0,0
521,15.658977,done,77,623.636,441.944,65.426,0.1653,1,8.729,12,1,,,,4,5,2,dormant,0,0,0,0,1.5054,-0.7099,0.0000,0,0,0
522,15.689033,done,77,624.726,444.599,65.794,0.1423,1,9.290,13,1,,,,3,5,2,dormant,0,0,0,0,1.1534,-0.3014,0.0000,0,0,0
523,15.719089,done,77,625.816,447.255,66.163,0.1225,1,9.863,14,1,,,,2,6,2,dormant,0,0,0,0,0.3423,-1.0258,0.0000,0,0,0
524,15.749144,done,77,626.906,449.911,66.531,0.1054,1,10.447,15,1,,,,3,6,1,dormant,0,0,0,0,1.2523,-1.8513,0.0000,0,0,0
525,15.779200,done,77,627.996,452.567,66.899,0.0907,1,11.044,16,1,,,,3,6,1,dormant,0,0,0,0,1.8702,-0.4425,0.0000,0,0,0
526,15.809255,done,77,629.086,455.223,67.268,0.0781,1,11.652,17,1,,,,2,6,1,dormant,0,0,0,0,-0.2126,-0.5447,0.0000,0,0,0
527,15.839311,done,77,630.177,457.878,67.636,0.0672,1,12.271,18,1,,,,1,6,1,dormant,0,0,0,0,-3.6298,-0.6380,0.0000,0,0,0
