frame,timestamp,target_id,pred_x,pred_y,radius,confidence,lost_frames,predicted_only,gt_x,gt_y,error_px,detection_count,track_count,hypothesis_count,recovery_active,collective_promoted,collective_dx,collective_dy,collective_rotation_deg
256,8.533018,26,350.966,230.469,42.250,0.2000,0,0,542.308,289.750,,26,26,1,0,0,0.0000,0.0000,0.0000
257,8.566351,26,350.871,230.464,42.112,0.4000,0,0,495.490,284.332,,32,36,1,0,0,2.0234,-1.2642,-1.9391
258,8.599683,26,350.855,230.494,42.167,0.6000,0,0,450.504,278.990,,30,42,1,0,0,0.3180,-0.1471,-2.1943
259,8.633015,26,350.833,230.486,42.196,0.8000,0,0,401.790,268.163,,35,44,1,0,0,2.8506,-1.7376,-0.5450
260,8.666347,26,351.740,231.389,42.293,1.0000,0,0,382.214,260.106,,31,46,1,0,0,2.5660,-1.8496,-2.1627
261,8.699679,26,352.003,231.261,42.358,1.0000,0,0,374.326,254.057,,36,48,1,0,0,2.7898,-2.2352,-0.2858
262,8.733011,26,351.554,230.174,40.954,1.0000,0,0,368.527,247.558,,36,50,1,0,0,3.2834,-2.3376,-2.5513
263,8.766343,26,350.849,228.802,40.332,1.0000,0,0,358.144,241.929,,33,50,1,0,0,2.9073,-2.2800,0.6017
264,8.799675,26,350.623,228.390,41.035,1.0000,0,0,351.557,239.760,,33,50,1,0,0,2.1666,-2.2044,-1.6681
265,8.833007,26,350.717,228.387,41.469,1.0000,0,0,350.507,238.562,,40,52,1,0,0,2.9310,-2.5348,-0.8465
266,8.866339,26,350.853,228.322,41.784,1.0000,0,0,350.518,238.540,,37,53,1,0,0,2.4998,-2.6390,-0.3527
267,8.899672,26,351.130,228.134,41.777,1.0000,0,0,350.447,238.636,,35,55,1,0,0,2.4721,-2.6423,0.2604
268,8.933004,26,351.287,227.989,41.850,1.0000,0,0,350.755,238.712,,37,56,1,0,0,2.5370,-3.0196,1.2821
269,8.966336,26,351.313,227.894,42.141,1.0000,0,0,350.806,238.805,,34,57,1,0,0,1.9266,-2.4338,-0.0376
270,8.999668,26,351.311,227.949,42.430,1.0000,0,0,350.834,238.779,,34,58,1,0,0,1.3264,-2.1528,-0.2066
271,9.033000,26,351.169,228.095,42.557,1.0000,0,0,350.873,238.670,,32,58,1,0,0,1.9991,-3.1757,-2.2991
272,9.066332,26,350.979,228.360,42.486,1.0000,0,0,350.826,238.654,,34,58,1,0,0,1.7857,-3.1010,-0.5855
273,9.099664,26,350.861,228.577,42.433,1.0000,0,0,350.938,238.752,,37,58,1,0,0,1.6823,-2.9098,-0.1272
274,9.132996,26,350.790,228.780,42.394,1.0000,0,0,349.947,238.515,,25,58,1,0,0,1.7682,-2.8822,-0.2950
275,9.166328,26,350.698,228.881,42.446,1.0000,0,0,349.615,237.710,,33,60,1,0,0,1.5144,-2.8562,-2.1045
276,9.199661,26,350.598,229.067,42.400,1.0000,0,0,349.777,237.490,,34,61,1,0,0,1.3635,-2.9605,-0.6085
277,9.232993,26,350.685,227.619,42.367,1.0000,0,0,348.857,236.715,,28,61,1,0,0,1.0109,-2.3775,-1.4453
278,9.266325,26,350.738,228.201,42.505,1.0000,0,0,348.857,236.715,,33,61,1,0,0,0.8745,-1.8084,-2.7039
279,9.299657,26,350.765,227.044,42.440,1.0000,0,0,348.857,236.715,,43,63,1,0,0,0.5527,-2.2490,-1.1701
280,9.332989,26,352.121,224.907,42.392,1.0000,0,0,348.783,236.821,,38,63,1,0,0,0.6978,-2.9855,-0.2337
281,9.366321,26,353.061,224.985,42.357,1.0000,0,0,348.783,236.821,,42,63,1,0,0,0.9635,-2.8676,-0.1827
282,9.399653,26,352.578,226.281,42.413,1.0000,0,0,348.760,236.818,,42,63,1,0,0,0.6966,-3.0305,3.6596
283,9.432985,26,352.384,227.134,42.371,1.0000,0,0,348.783,236.821,,41,63,1,0,0,0.6009,-3.3704,0.9126
284,9.466317,26,352.368,227.640,42.504,1.0000,0,0,348.801,236.755,,37,63,1,0,0,0.4141,-3.1784,-0.0124
285,9.499649,26,352.286,228.014,42.516,1.0000,0,0,348.666,236.667,,45,64,1,0,0,0.2921,-3.1080,-0.0608
286,9.532982,26,352.262,228.307,42.524,1.0000,0,0,348.771,236.838,,49,65,1,0,0,0.2314,-3.3539,0.0316
287,9.566314,26,352.278,228.574,42.693,1.0000,0,0,347.797,236.728,,41,66,1,0,0,0.0505,-2.9302,-0.1651
288,9.599646,26,352.358,228.511,42.813,1.0000,0,0,348.046,237.409,,43,68,1,0,0,-0.0428,-2.8939,0.0016
289,9.632978,26,352.441,228.479,42.733,1.0000,0,0,347.973,237.418,,38,68,1,0,0,-0.2383,-3.0028,0.1936
290,9.666310,26,352.689,227.491,41.441,1.0000,0,0,347.996,237.420,,45,67,1,0,0,-0.4038,-3.1904,-2.1989
291,9.699642,26,352.739,226.696,40.273,1.0000,0,0,347.961,237.383,,40,67,1,0,0,-0.8753,-3.1926,-0.9702
292,9.732974,26,352.653,226.097,39.196,1.0000,0,0,347.952,237.394,,45,67,1,0,0,-1.0297,-3.4512,-0.4933
293,9.766306,26,352.282,226.645,40.244,1.0000,0,0,348.027,237.297,,38,67,1,0,0,-0.9411,-2.9978,0.2383
294,9.799638,26,351.973,227.095,40.998,1.0000,0,0,347.843,237.541,,44,68,1,0,0,-1.1334,-2.8264,-0.6579
295,9.832970,26,351.558,227.672,41.622,1.0000,0,0,347.843,237.541,,35,67,1,0,0,-1.3565,-3.0809,1.0209
296,9.866303,26,351.232,227.980,42.151,1.0000,0,0,347.812,237.394,,32,67,1,0,0,-1.6430,-3.1259,-0.4180
297,9.899635,26,350.975,228.325,42.363,1.0000,0,0,349.286,237.293,,34,67,1,0,0,-1.7304,-3.2666,0.6502
298,9.932967,26,350.746,228.628,42.431,1.0000,0,0,349.653,237.596,,35,67,1,0,0,-2.0659,-3.5644,-1.1130
299,9.966299,26,350.489,228.719,42.889,1.0000,0,0,350.829,237.172,,38,67,1,0,0,-1.8749,-3.0030,-5.6547
300,9.999631,26,350.279,228.827,42.967,1.0000,0,0,351.457,237.669,,32,68,1,0,0,-1.8601,-2.7645,-11.0467
301,10.032963,26,350.191,228.931,42.938,1.0000,0,0,352.317,237.322,,31,68,1,0,0,-2.3891,-3.3999,-7.6683
302,10.066295,26,350.208,229.016,42.997,1.0000,0,0,353.725,237.159,,30,68,1,0,0,-1.9667,-2.8777,-3.5659
303,10.099627,26,350.291,229.041,43.119,1.0000,0,0,353.758,237.258,,33,69,1,0,0,-2.1166,-2.6622,-1.7268
304,10.132959,26,350.182,228.792,42.874,1.0000,0,0,354.543,238.259,,33,71,1,0,0,-2.7386,-2.8120,-1.6545
305,10.166292,26,349.960,228.550,42.532,1.0000,0,0,355.448,238.324,,33,71,1,0,0,-2.5989,-2.6067,-1.4015
306,10.199624,26,349.764,228.425,42.534,1.0000,0,0,355.390,238.267,,35,71,1,0,0,-2.4316,-2.3822,-0.8967
307,10.232956,26,349.656,228.502,42.535,1.0000,0,0,355.441,238.375,,35,71,1,0,0,-3.2094,-2.3776,-0.3943
308,10.266288,26,349.474,228.537,42.535,1.0000,0,0,356.552,238.244,,36,73,1,0,0,-2.7425,-2.2122,-0.3073
309,10.299620,26,349.278,228.679,42.451,1.0000,0,0,357.082,237.482,,31,73,1,0,0,-3.1596,-2.1174,-0.4514
310,10.332952,26,349.160,228.755,42.309,1.0000,0,0,356.965,236.225,,34,70,1,0,0,-4.2457,-2.8950,-2.9904
311,10.366284,26,348.921,228.956,42.125,1.0000,0,0,357.172,234.782,,33,69,1,0,0,-3.9277,-2.3596,-2.1477
312,10.399616,26,348.683,229.107,42.159,1.0000,0,0,357.207,234.475,,36,67,1,0,0,-3.5076,-2.1436,-3.4464
313,10.432948,26,348.422,229.272,42.183,1.0000,0,0,357.245,233.454,,32,67,1,0,0,-3.9269,-1.9368,-3.2288
314,10.466280,26,348.207,229.425,42.283,1.0000,0,0,357.508,233.003,,31,67,1,0,0,-3.8514,-1.6858,-8.6510
315,10.499613,26,348.102,229.570,42.355,1.0000,0,0,356.236,231.778,,32,64,1,0,0,-3.8437,-1.7572,-6.8049
316,10.532945,26,348.308,229.887,42.323,1.0000,0,0,355.321,229.967,,30,63,1,0,0,-4.1812,-1.7939,-3.8110
317,10.566277,26,348.923,230.480,42.383,1.0000,0,0,352.292,227.993,,33,65,1,0,0,-3.9466,-1.8204,-7.8503
318,10.599609,26,349.477,230.789,42.343,1.0000,0,0,352.511,227.175,,30,63,1,0,0,-3.9964,-1.6608,-3.7419
319,10.632941,26,350.054,231.139,42.232,1.0000,0,0,350.783,225.133,,27,63,1,0,0,-3.7881,-1.2943,-2.0080
320,10.666273,26,350.363,231.536,42.318,1.0000,0,0,350.850,225.111,,32,62,1,0,0,-4.2606,-1.4134,-2.2255
321,10.699605,26,350.655,231.646,42.461,1.0000,0,0,350.865,225.341,,34,61,1,0,0,-4.5485,-1.9274,0.6801
322,10.732937,26,350.909,231.906,42.563,1.0000,0,0,350.792,225.173,,28,60,1,0,0,-5.2282,-1.7028,-2.2361
323,10.766269,26,351.123,232.011,42.553,1.0000,0,0,350.720,225.057,,36,62,1,0,0,-4.7953,-1.4613,-3.3898
324,10.799601,26,351.301,232.098,42.792,1.0000,0,0,350.699,224.993,,36,62,1,0,0,-4.5657,-0.7293,0.5064
325,10.832934,26,351.311,232.171,42.715,1.0000,0,0,350.849,225.111,,30,62,1,0,0,-4.7758,-0.7134,-0.4893
326,10.866266,26,351.342,232.151,42.576,1.0000,0,0,350.852,225.087,,34,61,1,0,0,-4.4192,-1.2756,-3.6595
327,10.899598,26,351.353,232.057,42.477,1.0000,0,0,350.852,225.087,,34,62,1,0,0,-3.8560,-1.1528,0.5187
328,10.932930,26,351.480,231.885,42.405,1.0000,0,0,350.852,225.087,,34,61,1,0,0,-4.6006,-0.5735,2.7476
329,10.966262,26,351.547,231.809,42.601,1.0000,0,0,350.870,225.022,,38,62,1,0,0,-4.0238,-0.3257,-2.1027
330,10.999594,26,351.488,231.796,42.659,1.0000,0,0,350.831,225.022,,37,62,1,0,0,-4.3771,-0.2796,-0.6247
331,11.032926,26,351.488,231.962,42.864,1.0000,0,0,350.751,225.118,,35,63,1,0,0,-4.6315,-0.2467,-2.2113
332,11.066258,26,351.362,231.746,42.762,1.0000,0,0,350.726,226.214,,34,63,1,0,0,-4.8270,0.1264,-2.4936
333,11.099590,26,351.348,231.563,42.771,1.0000,0,0,350.801,227.099,,37,63,1,0,0,-4.7435,-0.0452,1.2380
334,11.132923,26,351.213,231.325,42.776,1.0000,0,0,350.711,228.389,,41,62,1,0,0,-4.6600,0.4456,0.9857
335,11.166255,26,351.068,231.167,42.615,1.0000,0,0,350.737,228.395,,35,62,1,0,0,-5.0716,0.2308,-1.9644
336,11.199587,26,350.996,231.000,42.416,1.0000,0,0,350.693,228.401,,34,62,1,0,0,-4.4731,0.1582,-1.5625
337,11.232919,26,350.926,230.925,42.440,1.0000,0,0,350.716,228.366,,39,62,1,0,0,-5.4326,0.6194,-0.8779
338,11.266251,26,350.788,230.871,42.621,1.0000,0,0,350.716,228.366,,41,62,1,0,0,-4.8460,0.7135,-2.4999
339,11.299583,26,350.726,230.842,42.504,1.0000,0,0,350.716,228.366,,38,61,1,0,0,-4.0832,0.5500,-1.0732
340,11.332915,26,350.585,231.011,42.502,1.0000,0,0,350.800,228.351,,31,60,1,0,0,-5.0614,0.7976,-3.8629
341,11.366247,26,350.469,231.146,42.419,1.0000,0,0,351.772,228.152,,43,62,1,0,0,-4.5489,0.6578,0.4016
342,11.399579,26,350.323,231.303,42.277,1.0000,0,0,352.243,228.291,,39,63,1,0,0,-4.3140,0.7010,-1.2642
343,11.432911,26,350.197,231.119,42.341,1.0000,0,0,352.462,230.142,,43,64,1,0,0,-4.5792,1.2975,-2.7548
344,11.466244,26,349.988,230.982,42.387,1.0000,0,0,353.109,229.896,,36,64,1,0,0,-4.0363,1.2282,-1.9029
345,11.499576,26,349.816,230.871,42.420,1.0000,0,0,353.109,229.896,,38,64,1,0,0,-3.7981,1.5430,-5.0256
346,11.532908,26,349.741,230.757,42.279,1.0000,0,0,353.230,231.242,,36,64,1,0,0,-4.1282,1.4244,-2.7924
347,11.566240,26,349.708,230.711,42.262,1.0000,0,0,353.230,231.242,,33,64,1,0,0,-3.4654,1.5221,-1.5062
348,11.599572,26,349.575,230.411,42.332,1.0000,0,0,353.399,232.964,,34,64,1,0,0,-3.4692,1.6570,-1.0300
349,11.632904,26,349.428,230.132,42.300,1.0000,0,0,353.407,232.864,,30,64,1,0,0,-3.5730,1.7227,-0.2394
350,11.666236,26,349.256,229.900,42.278,1.0000,0,0,353.398,232.964,,34,65,1,0,0,-3.5761,1.6723,-4.9311
351,11.699568,26,349.166,229.715,42.344,1.0000,0,0,353.380,232.949,,31,65,1,0,0,-3.5020,1.7351,-1.2476
352,11.732900,26,349.194,229.644,42.228,1.0000,0,0,353.342,232.980,,31,66,1,0,0,-3.8689,1.8793,-0.1295
353,11.766232,26,349.195,229.712,42.227,1.0000,0,0,353.383,232.955,,36,66,1,0,0,-3.5923,1.9430,-1.9709
354,11.799565,26,349.198,229.920,42.227,1.0000,0,0,353.360,232.963,,34,66,1,0,0,-3.2652,2.0463,-6.1802
355,11.832897,26,346.846,227.669,42.228,1.0000,0,0,353.298,233.027,,39,66,1,0,0,-3.5089,2.3345,-1.8012
356,11.866229,26,344.985,226.179,42.229,1.0000,0,0,353.344,233.011,,29,66,1,0,0,-3.2831,2.1853,-0.9453
357,11.899561,26,346.355,227.145,42.312,1.0000,0,0,353.383,232.955,,34,66,1,0,0,-2.8936,2.1442,-0.3068
358,11.932893,26,347.364,227.917,42.454,1.0000,0,0,353.401,232.971,,30,64,1,0,0,-2.8687,2.5998,1.9800
359,11.966225,26,348.087,228.392,42.473,1.0000,0,0,353.425,232.975,,37,64,1,0,0,-2.6082,2.2268,0.3954
360,11.999557,26,348.642,228.815,42.404,1.0000,0,0,353.452,232.958,,30,63,1,0,0,-2.3937,2.0714,-1.5038
361,12.032889,26,349.058,229.231,42.190,1.0000,0,0,353.452,233.025,,34,62,1,0,0,-2.5371,2.7530,-2.0050
362,12.066221,26,349.275,229.612,42.119,1.0000,0,0,353.861,231.702,,41,65,1,0,0,-2.2817,2.5760,0.4796
363,12.099554,26,349.504,229.995,42.235,1.0000,0,0,352.566,230.050,,41,64,1,0,0,-2.2726,2.4078,1.1945
364,12.132886,26,349.606,230.307,42.317,1.0000,0,0,352.380,229.078,,38,64,1,0,0,-2.3292,2.6699,-0.9434
365,12.166218,26,349.737,230.484,42.294,1.0000,0,0,352.380,229.078,,36,63,1,0,0,-1.7046,2.1611,-0.0079
366,12.199550,26,349.970,230.640,42.278,1.0000,0,0,352.492,229.208,,43,64,1,0,0,-1.7296,2.8845,1.3365
367,12.232882,26,350.182,230.752,42.348,1.0000,0,0,352.348,229.098,,41,65,1,0,0,-2.1578,3.6817,-1.7060
368,12.266214,26,350.404,230.899,42.481,1.0000,0,0,352.319,229.106,,38,65,1,0,0,-1.9834,3.4843,-1.5580
369,12.299546,26,350.577,231.022,42.576,1.0000,0,0,352.319,229.106,,38,65,1,0,0,-1.9283,3.3841,-2.7554
370,12.332878,26,350.644,231.089,42.478,1.0000,0,0,313.740,105.754,,34,65,1,0,0,-1.7190,3.6719,-1.2847
371,12.366210,26,350.670,231.068,42.490,1.0000,0,0,313.276,106.891,,35,68,1,0,0,-1.5300,3.2650,-0.1609
372,12.399542,26,350.528,231.421,42.416,1.0000,0,0,352.503,226.160,,38,68,1,0,0,-1.4548,2.8803,-0.7002
373,12.432875,26,350.412,231.864,42.446,1.0000,0,0,352.669,225.015,,34,69,1,0,0,-1.1445,3.2540,-1.1354
374,12.466207,26,350.298,232.144,42.384,1.0000,0,0,352.545,225.088,,39,69,1,0,0,-0.7022,2.6530,-0.3646
375,12.499539,26,350.264,232.390,42.175,1.0000,0,0,352.567,225.082,,37,68,1,0,0,-0.5495,2.9113,1.2342
376,12.532871,26,350.236,232.658,42.191,1.0000,0,0,352.601,225.102,,36,68,1,0,0,-0.5151,3.2190,-2.2238
377,12.566203,26,350.245,232.895,42.286,1.0000,0,0,352.553,225.108,,36,66,1,0,0,-0.3809,2.9236,-1.5403
378,12.599535,26,350.380,233.078,42.271,1.0000,0,0,352.438,225.004,,32,66,1,0,0,-0.1634,2.8970,-0.8076
379,12.632867,26,350.657,233.018,42.425,1.0000,0,0,352.602,225.077,,44,63,1,0,0,-0.1299,3.3555,-2.0139
380,12.666199,26,350.896,232.853,42.371,1.0000,0,0,352.451,224.081,,39,63,1,0,0,-0.1583,2.8470,-4.4824
381,12.699531,26,351.076,233.066,42.249,1.0000,0,0,352.175,223.071,,35,63,1,0,0,0.0758,2.7607,-3.4103
382,12.732863,26,351.108,232.925,42.410,1.0000,0,0,351.510,223.441,,39,61,1,0,0,0.4970,3.1333,-3.4605
383,12.766196,26,351.199,232.773,42.607,1.0000,0,0,351.500,223.463,,38,60,1,0,0,0.3785,2.8753,-0.1936
384,12.799528,26,351.170,232.546,42.500,1.0000,0,0,351.499,223.487,,35,61,1,0,0,0.5433,2.6982,-0.1698
385,12.832860,26,351.245,232.264,42.423,1.0000,0,0,351.463,223.432,8.835,41,61,1,0,0,0.6023,3.3475,-2.4101
386,12.866192,26,351.259,232.019,42.450,1.0000,0,0,351.398,223.583,8.437,35,62,1,0,0,0.7126,3.0214,-1.3483
387,12.899524,26,351.326,231.830,42.387,1.0000,0,0,351.471,223.552,8.279,39,62,1,0,0,0.5908,2.7531,0.3575
388,12.932856,26,352.858,230.563,42.836,1.0000,0,0,351.502,223.361,7.328,40,62,1,0,0,1.0928,3.2993,-0.3235
389,12.966188,26,355.343,228.993,42.991,1.0000,0,0,351.408,223.477,6.776,40,62,1,0,0,1.1318,2.8491,-1.0233
390,12.999520,26,358.140,227.752,42.771,1.0000,0,0,351.502,223.363,7.958,34,62,1,0,0,1.2855,2.8211,0.6109
391,13.032852,26,361.307,227.049,42.695,1.0000,0,0,351.378,223.507,10.542,41,62,1,0,0,1.5530,3.3782,0.3603
392,13.066185,26,364.311,227.039,42.805,1.0000,0,0,351.296,223.432,13.505,39,62,1,0,0,1.6909,2.8294,-0.8145
393,13.099517,26,367.328,227.328,42.636,1.0000,0,0,351.329,223.345,16.487,41,63,1,0,0,1.7280,2.6751,-3.6365
394,13.132849,26,370.650,228.208,42.597,1.0000,0,0,351.186,222.527,20.276,32,63,1,0,0,1.6629,2.3747,-1.3071
395,13.166181,26,373.599,228.939,42.239,1.0000,0,0,351.476,218.226,24.581,36,63,1,0,0,2.0285,2.5514,1.9629
396,13.199513,26,375.897,229.661,41.984,1.0000,0,0,352.045,214.945,28.026,39,64,1,0,0,1.7654,2.4758,1.5540
397,13.232845,26,378.364,230.136,41.309,1.0000,0,0,355.237,211.446,29.735,39,65,1,0,0,2.3702,2.6485,-0.4796
398,13.266177,26,381.668,231.387,40.501,1.0000,0,0,358.153,211.175,31.008,37,65,1,0,0,2.9467,3.0268,2.6747
399,13.299509,26,384.649,232.455,39.763,1.0000,0,0,362.055,211.566,30.770,32,65,1,0,0,2.6882,2.8085,1.1332
400,13.332841,26,387.211,233.148,40.478,1.0000,0,0,366.544,211.676,29.803,37,65,1,0,0,2.7823,2.6765,0.1198
401,13.366173,26,389.811,234.698,39.923,1.0000,0,0,372.813,215.796,25.420,35,66,1,0,0,2.9590,2.6169,-5.7938
402,13.399506,26,393.228,236.071,39.615,1.0000,0,0,376.864,217.626,24.658,36,66,1,0,0,3.3878,2.3669,-2.9997
403,13.432838,26,396.729,237.842,38.988,1.0000,0,0,381.147,218.595,24.763,39,65,1,0,0,3.6710,2.3263,-1.0423
404,13.466170,26,399.850,239.822,38.713,1.0000,0,0,385.113,220.282,24.474,36,64,1,0,0,3.3304,2.2074,-0.5679
405,13.499502,26,402.837,241.779,38.854,1.0000,0,0,390.166,223.477,22.260,43,66,1,0,0,3.4452,1.9608,1.3204
406,13.532834,26,405.537,243.843,39.290,1.0000,0,0,396.444,225.279,20.672,35,65,1,0,0,3.8137,1.8080,1.2699
407,13.566166,26,408.309,245.901,39.772,1.0000,0,0,401.244,227.940,19.300,36,66,1,0,0,3.2094,1.6606,-0.6475
408,13.599498,26,410.210,249.462,38.144,1.0000,0,0,407.743,230.717,18.907,34,65,1,0,0,3.1039,1.7257,1.0452
409,13.632830,26,411.574,251.097,38.553,1.0000,0,0,415.040,234.033,17.413,38,65,1,0,0,3.8727,1.8294,-1.2991
410,13.666162,26,412.642,252.477,38.687,1.0000,0,0,419.791,240.060,14.328,30,65,1,0,0,3.4244,1.2998,-0.3852
411,13.699494,26,412.211,253.581,36.071,1.0000,0,0,424.477,243.883,15.637,33,65,1,0,0,3.6848,1.2991,-3.6489
412,13.732827,26,412.717,255.041,33.966,1.0000,0,0,425.401,244.052,16.782,38,65,1,0,0,3.8906,1.4778,-1.0559
413,13.766159,26,413.418,256.497,32.561,1.0000,0,0,425.494,244.802,16.811,35,64,1,0,0,3.6975,1.7060,0.0588
414,13.799491,26,414.290,257.872,31.413,1.0000,0,0,426.539,247.779,15.872,40,67,1,0,0,3.7266,1.2661,-2.4922
415,13.832823,26,416.471,256.544,32.096,1.0000,0,0,428.232,250.438,13.253,38,68,1,0,0,3.7694,1.0565,-4.2355
416,13.866155,26,420.021,250.582,29.392,1.0000,0,0,429.416,253.220,9.759,38,69,1,0,0,3.9809,1.1534,-0.2288
417,13.899487,26,423.249,246.399,27.648,1.0000,0,0,429.345,254.226,9.922,48,70,1,0,0,4.0965,1.0502,-1.3962
418,13.932819,26,425.934,243.761,26.677,1.0000,0,0,431.421,256.018,13.428,47,72,1,0,0,4.3925,0.8786,-0.6069
419,13.966151,26,428.601,241.846,26.177,1.0000,0,0,431.230,257.296,15.672,47,73,1,0,0,4.0897,0.8079,-4.7398
420,13.999483,26,431.317,240.004,25.931,1.0000,0,0,431.312,257.251,17.247,43,71,1,0,0,4.1706,0.5690,-1.5404
421,14.032815,26,433.681,244.231,30.888,1.0000,0,0,431.388,257.148,13.120,43,71,1,0,0,4.9968,0.5093,0.1925
422,14.066148,26,440.403,244.917,34.443,1.0000,0,0,431.247,257.263,15.370,39,71,1,0,0,4.4922,0.2869,-1.1996
423,14.099480,26,443.024,243.293,32.539,1.0000,0,0,431.381,256.268,17.433,34,71,1,0,0,4.2220,0.2519,-0.1948
424,14.132812,26,448.258,243.850,35.632,1.0000,0,0,431.257,255.145,20.411,43,71,1,0,0,4.1206,0.3715,-2.5362
425,14.166144,26,453.633,243.147,37.841,1.0000,0,0,430.937,253.402,24.905,42,71,1,0,0,4.4647,0.2629,-0.4708
426,14.199476,26,456.807,242.956,38.018,0.8353,1,1,432.861,250.202,25.018,38,71,1,0,0,4.2676,0.1222,-1.2767
427,14.232808,26,461.641,240.598,39.827,1.0000,0,0,440.253,247.679,22.530,42,71,1,0,0,5.0551,-0.0731,0.3889
428,14.266140,26,465.908,238.035,40.885,1.0000,0,0,449.110,243.032,17.526,35,71,1,0,0,4.4061,-0.2921,-1.2614
429,14.299472,26,469.336,237.419,41.209,0.8353,1,1,454.360,239.480,15.117,40,72,1,0,0,4.3195,-0.1423,-4.0832
430,14.332804,26,467.608,232.157,41.832,1.0000,0,0,459.224,236.670,9.521,37,72,1,0,0,4.2595,-0.3598,1.8377
431,14.366137,26,466.870,228.554,42.202,1.0000,0,0,465.652,232.787,4.405,41,72,1,0,0,4.8220,-0.5570,1.0401
432,14.399469,26,465.142,230.964,42.442,1.0000,0,0,472.270,228.895,7.422,36,72,1,0,0,4.6474,-0.8485,0.2221
433,14.432801,26,465.019,231.783,42.600,1.0000,0,0,477.250,226.405,13.361,42,73,1,0,0,4.5410,-0.7594,0.2197
434,14.466133,26,467.950,228.521,42.700,1.0000,0,0,479.021,222.430,12.636,38,73,1,0,0,4.5483,-1.0287,-0.1934
435,14.499465,26,472.266,225.707,42.760,1.0000,0,0,479.744,218.618,10.305,25,72,1,0,0,4.4193,-1.1494,0.1188
436,14.532797,26,475.042,223.133,42.791,1.0000,0,0,479.744,216.752,7.926,29,72,1,0,0,5.0224,-0.9071,-1.0072
437,14.566129,26,478.435,222.593,42.800,1.0000,0,0,481.269,213.756,9.280,35,70,1,0,0,4.5434,-1.2150,0.9536
438,14.599461,26,481.485,221.599,42.796,1.0000,0,0,481.783,209.235,12.368,36,69,1,0,0,4.1556,-1.2414,-1.4584
439,14.632793,26,483.975,220.370,43.043,0.8353,1,1,482.763,205.459,14.961,33,70,1,0,0,4.4744,-1.3103,1.9408
440,14.666125,26,485.092,223.408,42.872,1.0000,0,0,484.686,203.838,19.574,33,68,1,0,0,3.8988,-1.1724,-1.5546
441,14.699458,26,487.446,222.600,43.094,0.8353,1,1,485.161,201.704,21.020,33,67,1,0,0,3.6273,-1.4090,-0.3621
442,14.732790,26,489.296,220.020,42.854,1.0000,0,0,485.274,200.679,19.755,39,66,1,0,0,4.0594,-1.5350,0.4434
443,14.766122,26,491.602,219.043,43.048,0.8353,1,1,486.334,199.847,19.906,34,67,1,0,0,3.6111,-1.6557,-0.3207
444,14.799454,26,482.945,217.340,42.801,1.0000,0,0,487.260,199.769,18.093,30,66,1,0,0,3.7634,-1.5417,-0.1583
445,14.832786,26,476.805,212.887,42.695,1.0000,0,0,491.281,198.483,20.421,34,66,1,0,0,4.1509,-1.7239,5.2338
446,14.866118,26,482.254,207.285,42.636,1.0000,0,0,492.894,198.779,13.622,32,66,1,0,0,3.7154,-1.7714,0.8270
447,14.899450,26,482.034,207.462,42.596,1.0000,0,0,498.007,199.303,17.935,30,65,1,0,0,2.9289,-1.5378,0.1628
448,14.932782,26,482.966,205.885,42.725,0.8353,1,1,505.413,202.564,22.691,25,65,1,0,0,3.4847,-2.2366,-1.3842
449,14.966114,26,484.016,207.563,42.608,1.0000,0,0,507.008,204.582,23.185,24,64,1,0,0,3.0225,-2.3190,3.4429
450,14.999446,26,487.387,206.867,42.550,1.0000,0,0,509.296,207.046,21.910,26,63,1,0,0,3.0623,-2.1298,1.9289
451,15.032779,26,497.037,209.305,42.513,1.0000,0,0,512.819,210.802,15.853,36,65,1,0,0,2.9403,-2.3152,0.2449
452,15.066111,26,505.637,209.585,42.488,1.0000,0,0,518.061,213.825,13.128,34,65,1,0,0,3.3321,-2.5430,-0.0770
453,15.099443,26,513.165,209.869,42.467,1.0000,0,0,521.818,216.920,11.162,36,65,1,0,0,2.8274,-2.2087,-0.8627
454,15.132775,26,519.800,209.242,42.450,1.0000,0,0,527.354,218.398,11.870,33,66,1,0,0,3.3149,-2.8371,-5.7026
455,15.166107,26,525.164,208.131,42.434,1.0000,0,0,533.467,220.866,15.204,34,66,1,0,0,2.9249,-2.7412,-1.8068
456,15.199439,26,526.525,205.616,42.420,1.0000,0,0,540.207,222.902,22.046,43,64,1,0,0,2.3899,-2.9046,-0.5768
457,15.232771,26,528.215,202.869,42.407,1.0000,0,0,543.726,224.141,26.326,38,64,1,0,0,2.5179,-2.8739,-1.8507
458,15.266103,26,537.284,203.613,42.396,1.0000,0,0,544.805,224.137,21.859,38,64,1,0,0,2.3002,-2.8914,-1.9779
459,15.299435,26,535.115,198.022,42.385,1.0000,0,0,544.685,224.212,27.884,35,64,1,0,0,1.9745,-2.6030,0.1592
460,15.332768,26,538.429,201.664,42.375,1.0000,0,0,547.540,223.232,23.413,33,64,1,0,0,2.1354,-3.4655,1.3352
461,15.366100,26,540.604,199.772,42.365,1.0000,0,0,550.503,219.623,22.182,34,64,1,0,0,2.0012,-3.0175,0.2502
462,15.399432,26,537.646,193.166,42.357,1.0000,0,0,553.203,213.974,25.981,35,64,1,0,0,1.8359,-2.9184,-0.9656
463,15.432764,26,544.418,191.668,42.349,1.0000,0,0,554.858,209.318,20.507,37,66,1,0,0,1.6455,-3.2540,-0.7804
464,15.466096,26,548.008,195.284,42.342,1.0000,0,0,556.854,205.392,13.432,41,66,1,0,0,1.5459,-3.4211,0.0682
465,15.499428,26,554.088,203.488,42.335,1.0000,0,0,557.684,201.882,3.938,40,67,1,0,0,1.4335,-3.0939,-0.0050
466,15.532760,26,557.195,197.184,42.329,1.0000,0,0,560.477,197.177,3.282,39,67,1,0,0,1.0844,-3.2003,-0.2296
467,15.566092,26,559.489,191.785,42.323,1.0000,0,0,561.340,192.448,1.966,27,67,1,0,0,0.9291,-2.6578,1.2530
468,15.599424,26,564.180,196.195,42.317,1.0000,0,0,562.409,187.819,8.561,37,67,1,0,0,0.8926,-2.5640,-0.6754
469,15.632756,26,567.533,195.582,42.343,0.8353,1,1,563.532,184.993,11.320,32,66,1,0,0,0.8167,-2.9816,-1.0055
470,15.666089,26,570.954,197.351,42.321,1.0000,0,0,565.087,182.015,16.420,35,65,1,0,0,0.5909,-2.9085,-0.9477
471,15.699421,26,571.823,196.915,42.310,1.0000,0,0,565.272,180.095,18.051,33,66,1,0,0,0.3687,-2.7925,-0.4609
472,15.732753,26,570.154,196.798,42.303,1.0000,0,0,567.021,178.357,18.705,38,67,1,0,0,0.2504,-3.0267,-0.3029
473,15.766085,26,568.867,194.221,42.297,1.0000,0,0,569.273,177.405,16.821,39,67,1,0,0,0.0240,-3.0449,0.9591
474,15.799417,26,567.818,191.620,42.293,1.0000,0,0,569.968,175.571,16.192,34,67,1,0,0,0.1841,-2.7211,0.6043
475,15.832749,26,566.679,189.379,42.290,1.0000,0,0,571.904,174.586,15.689,37,66,1,0,0,-0.0949,-2.6784,1.2228
476,15.866081,26,562.632,187.798,42.287,1.0000,0,0,573.866,174.306,17.557,40,66,1,0,0,0.1088,-2.7189,2.4212
477,15.899413,26,562.745,183.471,42.284,1.0000,0,0,576.108,173.585,16.622,40,66,1,0,0,0.0310,-2.5331,-0.2188
478,15.932745,26,567.671,179.763,42.281,1.0000,0,0,581.966,172.469,16.048,39,64,1,0,0,-0.4214,-3.7962,-8.8106
479,15.966077,26,563.181,177.461,42.279,1.0000,0,0,586.890,171.947,24.342,39,64,1,0,0,-0.6318,-3.5654,-2.3401
480,15.999410,26,564.150,172.952,42.277,1.0000,0,0,593.312,170.331,29.279,40,65,1,0,0,-0.7350,-3.7142,-1.6492
481,16.032742,26,570.688,171.637,42.275,1.0000,0,0,599.843,168.184,29.358,38,66,1,0,0,-0.8032,-3.5275,-1.4505
482,16.066074,26,574.953,166.281,42.273,1.0000,0,0,604.753,167.884,29.844,35,65,1,0,0,-1.4408,-4.1252,-2.6607
483,16.099406,26,577.588,161.984,42.271,1.0000,0,0,609.155,168.165,32.167,35,65,1,0,0,-1.3506,-3.6241,-0.9347
484,16.132738,26,588.551,157.419,42.270,1.0000,0,0,615.940,166.950,29.000,29,64,1,0,0,-1.7800,-3.8396,-1.8794
485,16.166070,26,596.402,155.483,42.268,1.0000,0,0,617.830,167.009,24.331,36,66,1,0,0,-1.8421,-3.2084,0.9440
486,16.199402,26,601.209,154.272,42.267,1.0000,0,0,617.966,167.096,21.101,34,66,1,0,0,-1.4894,-2.5246,4.5549
487,16.232734,26,604.584,151.835,42.273,0.8353,1,1,618.043,166.890,20.194,35,65,1,0,0,-2.0844,-2.7441,2.2134
488,16.266066,26,607.960,149.398,42.280,0.6977,2,1,617.735,166.887,20.035,33,65,1,0,0,-2.1223,-3.3028,1.6692
489,16.299399,26,611.336,146.961,42.286,0.5827,3,1,617.893,166.986,21.071,42,65,1,1,0,-1.9501,-2.5187,0.5673
490,16.332731,26,614.711,144.525,42.293,0.4868,4,1,617.619,166.681,22.347,35,65,1,1,0,-2.1140,-2.6664,-0.0603
491,16.366063,26,618.087,142.088,42.299,0.4066,5,1,617.760,167.097,25.012,36,65,1,1,0,-2.7978,-3.1311,-0.7247
492,16.399395,26,621.463,139.651,42.306,0.3396,6,1,617.739,167.292,27.891,28,65,1,1,0,-2.2305,-2.4777,1.5178
493,16.432727,26,624.838,137.214,42.312,0.2837,7,1,618.930,166.729,30.101,33,66,2,1,0,-2.7076,-2.6764,0.9558
494,16.466059,26,628.214,134.777,42.319,0.2369,8,1,620.889,166.974,33.020,27,66,3,1,0,-2.7228,-2.6223,0.2384
495,16.499391,26,631.590,132.340,42.325,0.1979,9,1,620.399,167.029,36.449,31,65,6,1,0,-2.8155,-2.1947,-2.6784
496,16.532723,26,634.965,129.903,42.331,0.1653,10,1,620.710,166.651,39.417,35,66,8,1,0,-3.4059,-2.4172,-1.8226
497,16.566055,26,638.341,127.466,42.338,0.1381,11,1,621.316,165.005,41.220,23,65,8,1,0,-3.3367,-2.2619,-3.8230
498,16.599387,26,641.717,125.029,42.344,0.1153,12,1,624.736,160.212,39.067,30,64,12,1,0,-4.1143,-3.6719,-8.9452
499,16.632720,26,645.092,122.592,42.351,0.0963,13,1,627.004,152.104,34.615,29,65,12,1,0,-3.7291,-2.9834,-3.7990
500,16.666052,26,648.468,120.155,42.357,0.0805,14,1,630.375,144.846,30.610,32,65,12,1,0,-3.8147,-2.1082,-7.5938
501,16.699384,26,624.989,124.607,42.268,1.0000,0,0,631.487,142.885,19.399,37,66,12,1,0,-3.6530,-1.9309,-4.1447
502,16.732716,26,628.542,140.098,42.260,1.0000,0,0,631.467,142.938,4.077,26,66,12,1,0,-3.8145,-1.8984,-2.4082
503,16.766048,26,633.490,135.454,42.257,1.0000,0,0,634.981,141.667,6.389,28,65,12,1,0,-3.7364,-1.7218,-0.4720
504,16.799380,26,635.647,134.249,42.259,0.8353,1,1,636.863,140.003,5.880,29,65,12,1,0,-3.5568,-1.6939,-0.7547
505,16.832712,26,632.808,142.403,42.256,1.0000,0,0,637.472,139.050,5.744,23,64,12,1,0,-4.0906,-1.9002,1.2965
506,16.866044,26,631.159,146.095,42.255,1.0000,0,0,638.436,139.283,9.968,30,63,12,1,0,-3.8445,-1.5621,-0.4217
507,16.899376,26,632.570,146.080,42.256,0.8353,1,1,639.275,139.066,9.703,31,62,12,1,0,-3.8001,-1.4062,0.2440
508,16.932708,26,631.279,151.538,42.254,1.0000,0,0,640.401,138.953,15.544,33,61,12,1,0,-4.0295,-1.5371,-3.2942
509,16.966041,26,632.429,152.052,42.255,0.8353,1,1,642.083,137.885,17.143,27,61,12,1,0,-4.3346,-1.8257,-1.3796
510,16.999373,26,633.580,152.565,42.256,0.6977,2,1,642.824,138.070,17.192,32,59,12,1,0,-4.0945,-1.1178,0.7279
511,17.032705,26,632.091,149.462,42.254,1.0000,0,0,645.863,136.553,18.876,32,59,12,1,0,-5.5044,-1.2951,0.7181
512,17.066037,26,641.709,142.978,42.253,1.0000,0,0,646.176,135.127,9.032,32,60,12,1,0,-4.6511,-0.9720,0.1495
513,17.099369,26,639.657,140.540,42.252,1.0000,0,0,646.967,135.104,9.110,33,61,12,1,0,-4.5119,-1.1918,-1.1160
514,17.132701,26,636.021,137.562,42.252,1.0000,0,0,647.835,135.288,12.031,29,61,12,1,0,-5.1944,-1.1420,0.4098
515,17.166033,26,636.896,136.700,42.252,0.8353,1,1,647.784,135.156,10.997,34,60,12,1,0,-4.6665,-0.7124,0.0627
516,17.199365,26,637.771,135.839,42.253,0.6977,2,1,650.761,136.625,13.014,35,61,12,1,0,-4.3361,-0.3969,-2.2922
517,17.232697,26,638.646,134.978,42.254,0.5827,3,1,652.634,139.375,14.663,35,61,12,1,0,-4.5558,-0.2948,-1.6622
518,17.266030,26,647.167,124.654,42.252,1.0000,0,0,655.734,141.648,19.032,33,60,12,1,0,-4.5642,-0.4005,-4.7710
519,17.299362,26,648.734,122.935,42.253,0.8353,1,1,657.887,142.565,21.659,30,60,12,1,0,-4.2590,-0.5083,0.0391
520,17.332694,26,653.193,110.924,42.252,1.0000,0,0,658.273,142.683,32.163,34,60,12,1,0,-4.6803,0.0197,-3.7612
521,17.366026,26,657.753,106.037,42.251,1.0000,0,0,658.192,140.858,34.824,32,60,12,1,0,-4.5929,-0.0621,2.8930
522,17.399358,26,659.823,103.202,42.252,0.8353,1,1,658.263,135.196,32.032,34,60,12,1,0,-4.4994,0.3254,0.1723
523,17.432690,26,654.222,101.867,42.251,1.0000,0,0,658.768,130.888,29.375,34,61,12,1,0,-4.8728,0.3860,-3.8388
524,17.466022,26,651.102,99.881,42.251,1.0000,0,0,658.909,128.152,29.329,40,61,12,1,0,-4.5668,0.3571,0.7977
525,17.499354,26,652.049,97.250,42.251,0.8353,1,1,658.977,123.994,27.626,30,62,12,1,0,-4.2564,0.3730,-6.2175
526,17.532686,26,647.903,95.296,42.251,1.0000,0,0,659.631,118.424,25.932,37,62,12,1,0,-4.2890,0.2466,-3.3258
527,17.566018,26,642.385,92.853,42.251,1.0000,0,0,658.897,110.837,24.415,36,63,12,1,0,-4.4586,0.3819,-2.5601
528,17.599351,26,638.223,89.770,42.251,1.0000,0,0,654.840,105.629,22.970,37,62,12,1,0,-4.7232,0.4530,-2.9753
529,17.632683,26,637.731,87.164,42.251,0.8353,1,1,651.506,100.039,18.855,36,62,12,1,0,-4.7049,0.9627,-6.2671
530,17.666015,26,634.027,92.036,42.251,1.0000,0,0,648.568,96.954,15.350,40,62,12,1,0,-4.3835,0.9373,-2.4774
531,17.699347,26,626.737,96.533,42.250,1.0000,0,0,644.812,94.128,18.235,30,63,12,1,0,-4.3253,0.8076,-1.0215
532,17.732679,26,630.371,104.389,42.250,1.0000,0,0,639.703,89.421,17.638,41,63,12,1,0,-4.7294,1.2629,-3.0183
533,17.766011,26,629.437,104.009,42.251,0.8353,1,1,635.881,85.722,19.389,29,63,12,1,0,-4.1631,1.1075,0.1777
534,17.799343,26,628.502,103.629,42.251,0.6977,2,1,629.395,82.962,20.687,36,64,12,1,0,-3.9622,1.4024,0.2017
535,17.832675,26,631.647,109.764,42.250,1.0000,0,0,623.160,79.006,31.908,30,64,12,1,0,-4.4969,1.4101,-0.4270
536,17.866007,26,631.094,109.994,42.251,0.8353,1,1,617.720,78.212,34.481,28,64,12,1,0,-3.8780,1.5073,-1.3763
537,17.899339,26,630.542,110.225,42.251,0.6977,2,1,612.894,76.263,38.273,31,65,12,1,0,-3.8057,1.6136,0.7228
538,17.932672,26,623.260,97.562,42.250,1.0000,0,0,607.208,75.035,27.661,32,64,12,1,0,-4.1348,1.9430,0.3667
539,17.966004,26,619.198,91.909,42.250,1.0000,0,0,601.928,75.018,24.156,29,64,12,1,0,-3.9703,1.8885,0.3563
540,17.999336,26,610.706,90.725,42.250,1.0000,0,0,596.432,75.346,20.982,30,64,12,1,0,-3.6880,2.0167,-5.5695
541,18.032668,26,599.662,96.493,42.250,1.0000,0,0,590.804,76.174,22.166,36,64,12,1,0,-3.8867,2.1573,0.5573
542,18.066000,26,591.346,100.953,42.250,1.0000,0,0,585.993,77.189,24.359,35,63,12,1,0,-3.6227,2.0067,2.7356
543,18.099332,26,587.924,100.793,42.250,0.8353,1,1,580.497,77.174,24.759,37,64,12,1,0,-3.4484,1.9197,1.1577
544,18.132664,26,584.502,100.633,42.250,0.6977,2,1,574.608,78.252,24.471,36,67,12,1,0,-3.5923,1.9571,0.2260
545,18.165996,26,592.998,91.317,42.250,1.0000,0,0,571.179,78.151,25.484,32,65,12,1,0,-3.2117,2.0787,-0.0050
546,18.199328,26,598.041,95.064,42.250,1.0000,0,0,567.211,78.051,35.212,32,63,12,1,0,-3.1274,2.2447,1.4908
547,18.232661,26,596.428,94.491,42.250,0.8353,1,1,563.589,78.409,36.565,29,63,12,1,0,-3.0894,2.5952,0.9030
548,18.265993,26,600.396,95.513,42.250,1.0000,0,0,561.071,78.639,42.793,37,63,12,1,0,-2.6094,2.3677,-0.8900
549,18.299325,26,599.375,88.288,42.250,1.0000,0,0,558.194,78.051,42.434,36,62,12,1,0,-2.4071,2.1939,-0.1601
550,18.332657,26,598.292,87.223,42.250,0.8353,1,1,556.413,78.068,42.868,33,60,12,1,0,-3.0911,2.9761,-0.0819
551,18.365989,26,597.208,86.159,42.250,0.6977,2,1,554.099,76.178,44.249,35,59,12,1,0,-2.4329,2.6762,1.4170
552,18.399321,26,600.544,72.811,42.250,1.0000,0,0,552.109,74.528,48.466,40,60,12,1,0,-2.2648,2.4970,2.6245
553,18.432653,26,599.865,70.622,42.250,0.8353,1,1,550.615,72.659,49.292,34,58,12,1,0,-2.2975,2.9586,1.8347
554,18.465985,26,588.261,58.272,42.250,1.0000,0,0,550.623,72.232,40.144,31,58,12,1,0,-2.0351,2.7418,-0.0333
555,18.499317,26,578.695,51.598,42.250,1.0000,0,0,549.524,70.647,34.840,31,58,12,1,0,-1.8332,2.6127,-3.8603
556,18.532649,26,572.283,47.960,42.250,1.0000,0,0,547.734,68.779,32.188,34,59,12,1,0,-1.8441,2.9501,-0.9280
557,18.565982,26,569.824,45.186,42.250,1.0000,0,0,547.070,66.291,31.035,34,60,12,1,0,-1.9355,2.3959,-13.0103
558,18.599314,26,432.091,219.926,42.250,3.4408,0,0,544.879,64.444,192.083,27,61,12,1,1,-1.4764,2.4684,-7.4181
559,18.632646,26,567.555,44.783,42.250,1.0000,0,0,544.753,64.107,29.889,37,62,1,0,0,-1.6923,3.4129,-2.9252
560,18.665978,26,565.005,49.643,42.250,1.0000,0,0,544.953,63.055,24.125,30,62,1,0,0,-1.2852,2.9863,-0.7362
561,18.699310,26,563.114,53.935,42.250,1.0000,0,0,544.692,62.441,20.291,29,64,1,0,0,-1.2854,2.9121,0.3181
562,18.732642,26,560.735,52.562,42.250,0.8353,1,1,545.576,59.006,16.472,29,64,1,0,0,-0.9877,2.7448,0.2901
563,18.765974,26,558.355,51.190,42.250,0.6977,2,1,548.577,56.437,11.097,33,64,1,0,0,-0.7443,3.3955,-1.6303
564,18.799306,26,555.976,49.817,42.250,0.5827,3,1,553.625,53.691,4.532,31,63,1,1,0,-0.6483,3.1791,-1.4997
565,18.832638,26,553.596,48.445,42.250,0.4868,4,1,560.688,49.015,7.114,31,62,1,1,0,-0.3807,3.7297,-1.8070
566,18.865970,26,551.217,47.072,42.250,0.4066,5,1,565.636,44.472,14.652,40,61,2,1,0,-0.4973,3.1571,2.9301
567,18.899303,26,548.837,45.699,42.250,0.3396,6,1,571.208,38.762,23.422,34,60,2,1,0,-0.4574,3.1803,0.0775
568,18.932635,26,546.458,44.327,42.250,0.2837,7,1,576.205,33.855,31.537,29,59,4,1,0,-0.1629,3.4830,-2.1762
569,18.965967,26,544.078,42.954,42.250,0.2369,8,1,576.074,32.150,33.771,33,61,7,1,0,-0.0730,3.1232,-1.0314
570,18.999299,26,541.699,41.581,42.250,0.1979,9,1,576.174,32.292,35.705,34,61,12,1,0,0.2050,2.9218,-2.3447
571,19.032631,26,537.806,32.873,42.250,1.0000,0,0,576.234,32.248,38.433,39,62,12,1,0,0.3422,3.4993,-0.9119
572,19.065963,26,535.407,31.692,42.250,1.0000,0,0,576.479,32.262,41.076,39,62,12,1,0,0.5402,3.0830,0.9209
573,19.099295,26,533.883,32.108,42.250,1.0000,0,0,576.537,32.368,42.654,34,63,12,1,0,0.4764,2.7391,0.3585
574,19.132627,26,531.479,30.451,42.250,0.8353,1,1,576.419,32.354,44.980,31,63,12,1,0,0.6125,3.3576,-3.0997
575,19.165959,26,534.505,35.340,42.250,1.0000,0,0,576.425,32.290,42.031,38,63,12,1,0,0.5954,3.0230,-3.5153
576,19.199292,26,533.456,37.590,42.250,1.0000,0,0,576.322,32.086,43.217,40,63,12,1,0,0.8913,2.8070,0.1854
577,19.232624,26,536.096,42.400,42.250,1.0000,0,0,573.760,32.708,38.891,33,62,12,1,0,1.1742,3.1411,-0.2325
578,19.265956,26,534.676,42.154,42.250,0.8353,1,1,570.563,35.809,36.443,44,64,12,1,0,1.3696,2.9097,-0.4454
579,19.299288,26,533.576,46.727,42.250,1.0000,0,0,565.271,38.333,32.788,41,65,12,1,0,1.5607,2.9182,-1.4982
580,19.332620,26,530.639,48.980,42.250,1.0000,0,0,560.654,43.445,30.521,35,65,12,1,0,1.8707,3.1037,-7.2168
581,19.365952,26,539.921,54.035,42.250,1.0000,0,0,554.981,48.991,15.882,33,65,12,1,0,1.7309,2.9109,-2.1702
582,19.399284,26,539.450,54.913,42.250,0.8353,1,1,551.092,52.795,11.834,27,64,12,1,0,1.8842,2.5277,-2.6263
583,19.432616,26,538.779,56.237,42.250,1.0000,0,0,547.565,56.531,8.790,31,63,12,1,0,2.2499,2.9881,-4.8356
584,19.465948,26,538.288,57.158,42.250,0.8353,1,1,544.526,59.639,6.713,36,62,12,1,0,2.4305,2.7759,-2.7418
585,19.499280,26,536.126,60.441,42.250,1.0000,0,0,541.881,63.757,6.642,38,62,12,1,0,2.0936,2.3133,-0.8998
586,19.532613,26,535.432,62.852,42.250,1.0000,0,0,540.286,67.492,6.715,39,60,12,1,0,2.5169,3.0399,-0.0005
587,19.565945,26,534.777,64.119,42.250,0.8353,1,1,538.032,70.171,6.872,35,61,12,1,0,2.7087,2.7301,0.4611
588,19.599277,26,531.983,67.494,42.250,1.0000,0,0,538.204,74.097,9.072,33,60,12,1,0,2.5312,2.4246,-0.8047
589,19.632609,26,529.580,71.681,42.250,1.0000,0,0,538.090,76.216,9.643,41,58,12,1,0,2.4441,2.4626,-0.4360
590,19.665941,26,528.576,73.406,42.250,0.8353,1,1,538.059,78.915,10.967,39,60,12,1,0,2.8766,2.5023,-2.0610
591,19.699273,26,527.186,73.286,42.250,1.0000,0,0,538.311,79.768,12.876,37,61,12,1,0,2.5838,2.5828,-1.3393
592,19.732605,26,528.073,73.115,42.250,1.0000,0,0,539.264,80.684,13.511,38,61,12,1,0,3.3819,2.5173,-0.8820
593,19.765937,26,527.302,74.711,42.250,1.0000,0,0,540.088,82.555,15.000,34,61,12,1,0,3.0365,2.1724,-0.5462
594,19.799269,26,527.159,74.198,42.250,1.0000,0,0,540.171,84.447,16.563,32,61,12,1,0,2.7820,1.9125,-0.1151
595,19.832601,26,527.185,78.213,42.250,1.0000,0,0,540.279,87.527,16.069,35,61,12,1,0,3.5778,2.4274,-1.8273
596,19.865934,26,531.323,81.850,42.250,1.0000,0,0,538.136,89.527,10.264,35,62,1,0,0,3.8559,2.1651,-3.2871
597,19.899266,26,535.971,86.183,42.250,1.0000,0,0,535.783,90.260,4.081,34,62,1,0,0,4.0069,1.9447,-0.8267
598,19.932598,26,536.244,88.157,42.250,0.8353,1,1,532.309,91.208,4.980,29,63,1,0,0,3.9266,1.6429,-0.2936
599,19.965930,26,531.037,91.234,42.250,1.0000,0,0,528.906,91.816,2.209,32,63,1,0,0,4.0330,1.6574,-4.0104
600,19.999262,26,520.417,89.184,42.250,1.0000,0,0,524.308,91.530,4.544,35,63,1,0,0,4.2050,1.2823,-1.5511
601,20.032594,26,525.431,92.561,42.250,1.0000,0,0,519.513,90.576,6.243,38,66,1,0,0,4.6848,1.6065,-1.1454
602,20.065926,26,524.768,94.405,42.250,0.8353,1,1,511.325,89.277,14.387,37,67,1,0,0,4.3498,1.6510,-0.6213
603,20.099258,26,512.303,95.682,42.250,1.0000,0,0,502.710,88.855,11.774,34,66,1,0,0,4.0793,1.4546,-0.0972
604,20.132590,26,507.016,96.410,42.250,1.0000,0,0,497.750,89.089,11.809,35,67,1,0,0,4.4353,1.2157,0.5147
605,20.165923,26,507.146,102.269,42.250,1.0000,0,0,497.605,90.896,14.845,42,66,1,0,0,4.3638,1.1111,0.0856
606,20.199255,26,508.474,106.251,42.250,1.0000,0,0,496.011,93.907,17.542,42,67,1,0,0,4.0399,0.7220,1.0885
607,20.232587,26,513.483,104.856,42.250,1.0000,0,0,493.019,96.644,22.049,32,67,1,0,0,4.4661,0.6784,1.2654
608,20.265919,26,515.680,103.546,42.250,1.0000,0,0,493.175,98.598,23.042,35,66,1,0,0,4.2866,0.6694,0.1262
609,20.299251,26,519.055,103.446,42.250,1.0000,0,0,492.321,100.496,26.897,40,67,1,0,0,3.9965,0.4939,-3.7444
610,20.332583,26,518.825,104.869,42.250,0.8353,1,1,491.563,103.031,27.324,42,67,1,0,0,4.3992,0.5903,-1.4256
611,20.365915,26,518.595,106.291,42.250,0.6977,2,1,491.516,103.004,27.277,43,67,1,0,0,4.3629,0.5528,-1.8257
612,20.399247,26,518.365,107.713,42.250,0.5827,3,1,490.535,104.257,28.044,37,67,1,1,0,4.0472,0.3580,0.7904
613,20.432579,26,532.814,107.902,42.250,1.0000,0,0,489.552,105.058,43.356,40,67,2,1,0,4.9112,0.3475,1.0607
614,20.465911,26,526.379,111.123,42.250,1.0000,0,0,487.715,105.759,39.034,41,68,3,1,0,4.3646,0.1416,-0.9298
615,20.499244,26,523.495,113.661,42.250,1.0000,0,0,485.140,107.195,38.896,37,68,2,1,0,4.1628,0.1621,-2.4254
616,20.532576,26,523.613,115.242,42.250,0.8353,1,1,480.199,110.970,43.623,36,68,3,1,0,4.9507,0.0507,-0.8648
617,20.565908,26,523.731,116.822,42.250,0.6977,2,1,476.304,113.622,47.534,29,68,4,1,0,4.1136,0.1074,-2.6795
618,20.599240,26,523.849,118.403,42.250,0.5827,3,1,470.939,116.743,52.936,36,68,8,1,0,4.1443,-0.0951,-1.2425
619,20.632572,26,523.967,119.983,42.250,0.4868,4,1,467.227,118.656,56.755,40,67,12,1,0,5.0053,-0.4111,-5.1761
620,20.665904,26,524.085,121.564,42.250,0.4066,5,1,464.294,121.136,59.793,39,67,12,1,0,4.4376,-0.3688,-3.0949
621,20.699236,26,439.362,110.652,42.250,1.1125,0,0,461.469,122.610,25.134,32,67,12,1,1,3.8926,-0.5883,-0.0217
622,20.732568,26,429.228,108.956,42.250,0.9009,1,1,458.429,127.745,34.724,34,66,12,1,1,4.7596,-0.7834,0.9069
623,20.765900,26,380.180,89.379,42.250,1.0261,0,0,456.860,130.442,86.983,41,66,12,1,1,4.3865,-1.0645,-1.7065
624,20.799232,26,447.395,114.354,42.250,1.0784,0,0,455.426,133.070,20.366,33,66,12,1,1,4.1242,-0.9863,-0.6058
625,20.832565,26,484.417,140.933,42.250,1.0412,0,0,454.534,137.952,30.031,34,66,12,1,1,4.5990,-1.1441,-18.7250
626,20.865897,26,410.065,152.613,42.250,1.0084,0,0,454.106,139.993,45.814,33,65,12,1,1,4.1774,-1.3194,-6.7115
627,20.899229,26,438.167,118.651,42.250,1.0721,0,0,453.919,142.320,28.432,36,64,12,1,1,4.0125,-1.1258,-0.1054
628,20.932561,26,444.131,101.601,42.250,1.1195,0,0,453.934,144.260,43.771,36,65,12,1,1,4.6198,-1.4260,1.6932
629,20.965893,26,460.192,96.241,42.250,1.1477,0,0,453.747,147.475,51.637,32,65,12,1,1,3.9990,-1.1718,1.6115
630,20.999225,26,481.311,199.003,42.250,1.1746,0,0,454.498,152.219,53.923,28,64,12,1,1,4.0310,-1.3547,5.5015
631,21.032557,26,462.938,197.157,42.250,1.2246,0,0,456.374,155.750,41.924,33,64,12,1,1,4.1995,-1.9789,1.7197
632,21.065889,26,441.012,225.027,42.250,1.2514,0,0,457.513,157.429,69.583,28,63,12,1,1,3.8829,-1.7465,-1.5536
633,21.099221,26,474.170,199.650,42.250,1.1904,0,0,459.312,160.669,41.717,30,63,12,1,1,3.6430,-1.5585,-0.7689
634,21.132554,26,519.186,142.917,42.250,1.0000,0,0,461.126,163.399,61.567,39,66,12,1,0,3.4774,-1.7068,0.3057
635,21.165886,26,519.626,144.872,42.250,1.0000,0,0,462.177,165.043,60.887,39,67,12,1,0,2.9773,-1.6250,1.0589
636,21.199218,26,519.154,143.922,42.250,1.0000,0,0,463.305,167.945,60.797,38,67,12,1,0,3.2524,-1.8601,-0.1279
637,21.232550,26,517.882,147.160,42.250,1.0000,0,0,463.931,169.913,58.552,36,67,12,1,0,4.4924,-2.1228,-0.4027
638,21.265882,26,517.599,148.703,42.250,0.8353,1,1,465.152,169.862,56.554,42,68,12,1,0,3.6139,-2.4499,0.1128
639,21.299214,26,517.317,150.246,42.250,0.6977,2,1,465.226,173.560,57.070,38,67,12,1,0,3.5034,-2.5563,-2.2868
640,21.332546,26,473.944,186.636,42.250,1.4350,0,0,465.193,180.148,10.893,41,68,12,1,1,3.2470,-2.4034,-3.6633
641,21.365878,26,431.995,191.091,42.250,1.4430,0,0,465.146,183.812,33.941,42,69,12,1,1,2.6463,-2.0643,-0.5760
642,21.399210,26,527.435,146.961,42.250,1.0000,0,0,465.306,184.889,72.791,39,69,12,1,0,2.0674,-2.1889,0.0676
643,21.432542,26,534.247,138.466,42.250,1.0000,0,0,466.197,189.042,84.786,35,68,12,1,0,2.9961,-2.9326,0.0500
644,21.465875,26,535.490,138.467,42.250,0.8353,1,1,466.154,191.125,87.065,31,68,12,1,0,2.7281,-2.8435,0.9224
645,21.499207,26,522.577,134.640,42.250,1.0000,0,0,465.134,193.653,82.355,35,66,12,1,0,2.7250,-2.7707,1.8836
646,21.532539,26,522.514,134.287,42.250,0.8353,1,1,463.332,194.982,84.772,32,66,12,1,0,2.5977,-2.9566,-0.1156
647,21.565871,26,522.451,133.934,42.250,0.6977,2,1,461.392,199.878,89.871,34,66,12,1,0,2.2628,-2.8206,-0.2243
648,21.599203,26,436.652,243.177,42.250,1.6093,0,0,459.486,202.574,46.584,34,67,12,1,1,2.1294,-2.5243,-0.3394
649,21.632535,26,434.974,206.399,42.250,1.6476,0,0,455.045,207.169,20.086,35,67,12,1,1,2.0063,-2.7092,-4.4429
650,21.665867,26,437.450,205.991,42.250,1.7653,0,0,451.568,210.813,14.919,33,67,12,1,1,1.5240,-2.2245,-1.2843
651,21.699199,26,531.141,169.202,42.250,1.7391,0,0,449.899,213.070,92.329,30,67,12,1,1,1.0683,-2.5843,-1.7577
652,21.732531,26,440.802,187.741,42.250,1.7623,0,0,449.248,214.136,27.713,38,70,12,1,1,1.5886,-2.9005,0.7828
653,21.765863,26,523.432,149.564,42.250,1.0000,0,0,449.126,214.149,98.451,41,69,12,1,0,1.4411,-2.7679,-2.4590
654,21.799196,26,524.852,157.464,42.250,1.0000,0,0,447.317,215.000,96.550,35,69,12,1,0,1.6627,-2.4179,-0.1122
655,21.832528,26,434.568,235.988,42.250,1.9689,0,0,444.439,218.160,20.378,31,68,12,1,1,1.3768,-2.6630,-1.0171
656,21.865860,26,524.423,159.012,42.250,1.0000,0,0,442.408,218.502,101.319,37,68,12,1,0,1.2197,-3.0701,0.8202
657,21.899192,26,441.537,231.109,42.250,2.1726,0,0,441.184,218.712,12.402,38,67,12,1,1,1.0412,-3.0998,0.6210
658,21.932524,26,444.382,221.732,42.250,2.3078,0,0,439.573,220.648,4.930,35,67,12,1,1,0.9018,-3.2772,-0.2758
659,21.965856,26,526.228,154.680,42.250,1.0000,0,0,436.829,221.392,111.546,36,68,12,1,0,0.6191,-2.9576,-0.0720
660,21.999188,26,526.464,155.277,42.250,0.8353,1,1,433.872,222.458,114.397,38,68,12,1,0,0.5124,-2.8884,-1.5698
661,22.032520,26,419.382,225.787,42.250,2.5054,0,0,431.807,224.307,12.513,38,68,12,1,1,0.0169,-3.4134,-1.1202
662,22.065852,26,417.252,226.227,42.250,2.6326,0,0,429.412,225.459,12.184,37,66,12,1,1,0.0494,-2.9381,-0.8780
663,22.099185,26,527.273,140.506,42.250,1.0000,0,0,426.971,228.272,133.279,32,66,12,1,0,0.1054,-2.8041,0.5330
664,22.132517,26,519.533,136.380,42.250,1.0000,0,0,423.343,230.990,134.920,40,66,12,1,0,0.0329,-2.8890,-0.9300
665,22.165849,26,520.127,132.842,42.250,1.0000,0,0,420.429,233.877,141.944,39,65,12,1,0,-0.1945,-3.1826,0.4730
666,22.199181,26,416.717,209.652,42.250,2.7698,0,0,417.883,234.716,25.091,40,66,12,1,1,-0.3063,-3.2663,-0.0074
667,22.232513,26,519.567,127.732,42.250,0.8353,1,1,417.283,235.668,148.702,35,66,12,1,0,-0.4580,-3.4382,-0.3654
668,22.265845,26,518.143,122.933,42.250,1.0000,0,0,415.214,238.063,154.432,43,67,12,1,0,-0.6620,-3.1011,0.2611
669,22.299177,26,517.585,118.819,42.250,1.0000,0,0,414.813,239.820,158.756,42,65,12,1,0,-0.7470,-3.2695,-0.3047
670,22.332509,26,518.077,115.113,42.250,1.0000,0,0,413.583,241.542,164.023,43,66,12,1,0,-0.6379,-2.9067,0.0652
671,22.365841,26,517.665,112.820,42.250,0.8353,1,1,411.490,244.347,169.034,33,66,12,1,0,-1.1505,-3.0779,-1.2371
672,22.399173,26,517.553,107.871,42.250,1.0000,0,0,408.281,245.755,175.933,43,66,12,1,0,-1.4471,-3.1206,0.7306
673,22.432506,26,517.170,105.321,42.250,0.8353,1,1,405.736,248.586,181.501,31,65,12,1,0,-1.3925,-3.2523,-0.4874
674,22.465838,26,519.883,102.414,42.250,1.0000,0,0,402.824,250.835,189.029,37,65,12,1,0,-1.4520,-3.0957,-2.3536
675,22.499170,26,519.793,99.829,42.250,0.8353,1,1,401.299,253.469,194.026,37,65,12,1,0,-1.6680,-2.8091,-1.9852
676,22.532502,26,519.313,96.452,42.250,1.0000,0,0,400.215,253.493,197.094,37,65,12,1,0,-1.8808,-3.1616,0.2475
677,22.565834,26,519.633,93.586,42.250,1.0000,0,0,398.742,255.178,201.808,45,66,12,1,0,-1.7414,-2.6952,-1.3513
678,22.599166,26,515.308,90.774,42.250,1.0000,0,0,396.727,256.934,204.134,38,70,12,1,0,-2.0706,-2.7592,-0.7854
679,22.632498,26,516.325,87.742,42.250,1.0000,0,0,393.798,258.749,210.372,32,70,12,1,0,-2.0505,-2.6031,-1.0707
680,22.665830,26,442.889,158.497,42.250,2.6497,0,0,389.871,260.598,115.046,36,70,12,1,1,-1.9748,-2.5305,0.9952
681,22.699162,26,516.266,81.980,42.250,0.8353,1,1,388.165,262.569,221.410,32,70,12,1,0,-2.3459,-2.3850,-2.5877
682,22.732494,26,516.588,78.918,42.250,1.0000,0,0,387.277,262.546,224.590,39,70,12,1,0,-2.8235,-2.6483,-4.5068
683,22.765827,26,516.362,76.136,42.250,0.8353,1,1,385.310,264.657,229.597,33,69,12,1,0,-2.6985,-2.2692,-1.1676
684,22.799159,26,514.642,73.622,42.250,1.0000,0,0,385.322,267.393,232.961,30,69,12,1,0,-2.9496,-2.0866,-0.5530
685,22.832491,26,514.274,70.866,42.250,0.8353,1,1,383.349,272.317,240.258,33,69,12,1,0,-3.7157,-4.1674,-1.8676
686,22.865823,26,499.346,67.218,42.250,1.0000,0,0,383.331,274.784,237.788,35,66,12,1,0,-3.3421,-2.5719,-0.8375
687,22.899155,26,497.625,64.379,42.250,0.8353,1,1,383.305,277.704,242.026,32,66,12,1,0,-3.2595,-2.3091,-1.2538
688,22.932487,26,495.904,61.540,42.250,0.6977,2,1,383.135,280.172,,33,64,12,1,0,-4.0527,-2.3435,0.4049
689,22.965819,26,494.182,58.701,42.250,0.5827,3,1,383.434,281.108,,36,65,12,1,0,-3.3375,-2.0099,1.2723
690,22.999151,26,492.461,55.862,42.250,0.4868,4,1,383.518,281.958,,35,65,12,1,0,-2.5392,-1.5853,-1.2044
691,23.032483,26,490.777,57.041,42.250,1.0000,0,0,385.542,283.036,,32,65,12,1,0,-3.4176,-1.8057,0.9247
692,23.065815,26,489.058,54.534,42.250,0.8353,1,1,385.582,283.270,,22,66,12,1,0,-4.0354,-2.0380,-2.4775
693,23.099148,26,487.340,52.026,42.250,0.6977,2,1,385.304,283.268,,19,65,12,1,0,-4.3758,-2.1075,-1.8915
694,23.132480,26,485.622,49.519,42.250,0.5827,3,1,386.345,283.140,,25,65,12,1,0,-4.7709,-2.5979,-5.8952
695,23.165812,26,483.904,47.011,42.250,0.4868,4,1,387.273,283.026,,26,64,12,1,0,-4.7215,-2.1462,-2.4286
696,23.199144,26,482.185,44.503,42.250,0.4066,5,1,388.548,283.340,,35,63,12,1,0,-1.6926,-1.1128,-0.5971
697,23.232476,26,480.467,41.996,42.250,0.3396,6,1,389.302,283.038,,34,62,12,1,0,-3.9110,-0.5805,2.2840
698,23.265808,26,478.749,39.488,42.250,0.2837,7,1,390.170,284.800,,33,61,12,1,0,-3.9626,-0.8721,-1.2975
699,23.299140,26,459.938,44.620,42.250,1.0000,0,0,391.770,285.876,,30,60,12,1,0,-3.5467,-0.6374,-0.8410
