frame,timestamp,evaluation_phase,target_id,pred_x,pred_y,radius,confidence,actionable,position_uncertainty_px,lost_frames,predicted_only,gt_x,gt_y,error_px,detection_count,track_count,hypothesis_count,bg_registry_state,bg_certified_count,stale_recovery_committed,ranker_candidate_id,ranker_margin,ranker_switched,recovery_active,collective_promoted,collective_dx,collective_dy,collective_rotation_deg,white_active,identity_window_active,identity_switched
0,0.000000,active,6,351.830,257.345,63.749,0.2000,1,2.828,0,0,381.897,261.812,30.397,15,15,0,dormant,0,0,,0.000000,0,0,0,0.0000,0.0000,0.0000,1,0,0
1,0.030026,active,6,351.715,257.956,63.622,0.4000,1,2.273,0,0,381.835,261.741,30.357,16,16,0,dormant,0,0,,0.000000,0,0,0,-0.0058,0.0687,0.0000,1,0,0
2,0.060051,active,6,351.614,255.452,64.904,0.6000,1,2.037,0,0,381.290,261.626,30.312,14,16,0,dormant,0,0,,0.000000,0,0,0,-0.0385,-0.3151,0.0000,1,0,0
3,0.090077,active,6,352.944,256.175,65.801,0.8000,1,1.933,0,0,379.376,262.657,27.216,14,16,0,dormant,0,0,,0.000000,0,0,0,0.6181,-1.6653,0.0000,1,0,0
4,0.120103,active,6,353.015,255.635,65.874,1.0000,1,1.895,0,0,379.190,262.413,27.038,14,16,0,dormant,0,0,,0.000000,0,0,0,0.1603,-0.4979,0.0000,1,0,0
5,0.150128,active,6,351.491,254.125,66.025,1.0000,1,1.890,0,0,379.274,262.378,28.983,14,16,0,dormant,0,0,,0.000000,0,0,0,0.2295,-0.5158,0.0000,1,0,0
6,0.180154,active,6,353.043,258.602,64.872,1.0000,1,1.900,0,0,378.314,262.383,25.553,15,16,0,dormant,0,0,,0.000000,0,0,0,0.1623,-0.4877,0.0000,1,0,0
7,0.210180,active,6,352.872,257.589,65.315,1.0000,1,1.916,0,0,378.217,262.437,25.805,15,16,0,dormant,0,0,,0.000000,0,0,0,0.1526,-0.5682,0.0000,1,0,0
8,0.240205,active,6,352.178,259.463,64.259,1.0000,1,1.932,0,0,378.011,262.434,26.004,14,16,0,dormant,0,0,,0.000000,0,0,0,0.3617,-1.7049,0.0000,1,0,0
9,0.270231,active,6,353.018,254.398,66.855,1.0000,1,1.947,0,0,378.160,263.764,26.830,15,17,0,dormant,0,0,,0.000000,0,0,0,0.5865,-1.9820,0.0000,1,0,0
10,0.300257,active,6,350.921,257.570,67.013,1.0000,1,1.958,0,0,371.336,265.203,21.795,15,17,0,dormant,0,0,,0.000000,0,0,0,0.9711,-1.8076,0.0000,1,0,0
11,0.330282,active,6,350.084,258.030,65.879,1.0000,1,1.967,0,0,369.350,265.290,20.589,16,17,0,dormant,0,0,,0.000000,0,0,0,0.9887,-2.1709,0.0000,1,0,0
12,0.360308,active,6,349.163,260.422,67.031,1.0000,1,1.974,0,0,368.166,265.007,19.549,15,17,0,dormant,0,0,,0.000000,0,0,0,1.2538,-1.7351,0.0000,1,0,0
13,0.390334,active,6,349.084,261.316,65.201,1.0000,1,1.979,0,0,368.185,265.018,19.456,15,17,0,dormant,0,0,,0.000000,0,0,0,1.5458,-2.0100,0.0000,1,0,0
14,0.420359,active,6,343.480,256.205,64.673,1.0000,1,1.982,0,0,368.269,264.981,26.296,16,18,0,dormant,0,0,,0.000000,0,0,0,1.5871,-1.3937,0.0000,1,0,0
15,0.450385,active,6,341.980,254.485,65.596,1.0000,1,1.985,0,0,357.377,265.274,18.801,16,18,0,dormant,0,0,,0.000000,0,0,0,1.7145,-1.6436,0.0000,1,0,0
16,0.480411,active,6,338.703,252.737,65.176,1.0000,1,1.986,0,0,355.515,265.465,21.086,16,18,0,dormant,0,0,,0.000000,0,0,0,1.7194,-1.7398,0.0000,1,0,0
17,0.510437,active,6,334.646,252.838,65.069,1.0000,1,1.987,0,0,351.940,263.465,20.299,15,18,0,dormant,0,0,,0.000000,0,0,0,1.6002,-1.6261,0.0000,1,0,0
18,0.540462,active,6,330.300,253.946,65.860,1.0000,1,1.988,0,0,351.114,263.642,22.962,15,19,0,dormant,0,0,,0.000000,0,0,0,1.6602,-2.1700,0.0000,1,0,0
19,0.570488,active,6,327.567,253.673,66.203,1.0000,1,1.989,0,0,351.261,263.748,25.746,14,19,0,dormant,0,0,,0.000000,0,0,0,2.0438,-1.9757,0.0000,1,0,0
20,0.600514,active,6,324.670,251.897,64.894,1.0000,1,1.989,0,0,351.252,263.729,29.097,13,19,0,dormant,0,0,,0.000000,0,0,0,2.2549,-2.5767,0.0000,1,0,0
21,0.630539,active,6,317.730,249.464,61.897,1.0000,1,1.989,0,0,351.279,263.655,36.426,14,19,0,dormant,0,0,,0.000000,0,0,0,2.0402,-1.5900,0.0000,1,0,0
22,0.660565,active,6,315.993,249.509,60.110,1.0000,1,1.989,0,0,351.233,263.579,37.945,13,21,0,dormant,0,0,,0.000000,0,0,0,2.3384,-1.8502,0.0000,1,0,0
23,0.690591,active,6,317.795,248.206,62.056,1.0000,1,1.990,0,0,351.103,263.649,36.714,12,21,0,dormant,0,0,,0.000000,0,0,0,2.6224,-1.4632,0.0000,1,0,0
24,0.720616,active,6,315.660,249.365,63.101,1.0000,1,1.990,0,0,350.912,263.503,37.982,12,21,0,dormant,0,0,,0.000000,0,0,0,2.8244,-1.4445,0.0000,1,0,0
25,0.750642,active,6,311.151,244.063,62.148,1.0000,1,1.990,0,0,351.249,263.722,44.658,14,21,0,dormant,0,0,,0.000000,0,0,0,2.2481,-1.7951,0.0000,1,0,0
26,0.780668,active,6,312.409,244.868,64.886,1.0000,1,1.990,0,0,351.208,263.606,43.086,14,21,0,dormant,0,0,,0.000000,0,0,0,2.2434,-1.3414,0.0000,1,0,0
27,0.810693,active,6,310.553,243.391,65.250,1.0000,1,1.990,0,0,351.298,263.433,45.407,13,21,2,dormant,0,0,,1.462266,0,0,0,3.4806,-1.4933,0.0000,0,0,0
28,0.840719,active,6,307.635,239.931,70.061,1.0000,1,1.990,0,0,340.026,260.833,38.550,13,20,2,dormant,0,0,,1.581200,0,0,0,2.7431,-1.3746,0.0000,0,0,0
29,0.870745,active,6,303.983,235.867,66.622,1.0000,1,1.990,0,0,317.926,251.861,21.218,13,20,2,dormant,0,0,,1.303112,0,0,0,3.0118,-1.5475,0.0000,0,0,0
30,0.900770,active,6,298.921,235.110,69.864,1.0000,1,1.990,0,0,304.887,243.495,10.291,13,20,2,dormant,0,0,,1.650456,0,0,0,2.9802,-1.4814,0.0000,0,0,0
31,0.930796,active,6,305.920,221.463,77.301,1.0000,1,1.990,0,0,299.240,239.673,19.396,13,20,3,dormant,0,0,,2.048910,0,0,0,3.1649,-1.2715,0.0000,0,0,0
32,0.960822,active,6,304.707,233.664,70.877,1.0000,1,1.990,0,0,295.000,238.725,10.947,13,19,3,dormant,0,0,,2.361403,0,0,0,3.5268,-0.5728,0.0000,0,0,0
33,0.990847,active,6,299.011,229.951,68.321,1.0000,1,1.990,0,0,292.019,237.792,10.506,14,19,3,dormant,0,0,,1.978272,0,0,0,3.3459,-1.6487,0.0000,0,0,0
34,1.020873,active,6,308.630,226.676,72.380,1.0000,1,1.990,0,0,288.127,235.328,22.254,13,19,3,dormant,0,0,,2.185985,0,0,0,3.4140,-1.2317,0.0000,0,0,0
35,1.050899,active,6,313.031,213.596,76.960,1.0000,1,1.990,0,0,283.908,233.342,35.186,13,19,3,dormant,0,0,,2.611544,0,0,0,3.6503,-1.0331,0.0000,0,0,0
36,1.080924,active,6,316.368,212.874,83.781,1.0000,1,1.990,0,0,279.596,231.203,41.087,13,19,3,dormant,0,0,,3.325406,0,0,0,3.7142,-0.7232,0.0000,0,0,0
37,1.110950,active,6,316.348,212.089,81.219,1.0000,1,1.990,0,0,277.843,230.558,42.705,13,18,3,dormant,0,0,,2.325214,0,0,0,3.3426,-0.7155,0.0000,0,0,0
38,1.140976,active,6,309.272,211.411,78.689,1.0000,1,1.990,0,0,275.749,229.448,38.068,13,18,3,dormant,0,0,,2.950880,0,0,0,3.4931,-0.6020,0.0000,0,0,0
39,1.171001,active,6,303.997,210.634,75.973,1.0000,1,1.990,0,0,275.656,225.988,32.233,12,18,4,dormant,0,0,,3.488229,0,0,0,3.9904,-0.6814,0.0000,0,0,0
40,1.201027,active,6,305.575,208.920,76.598,1.0000,1,1.990,0,0,276.219,222.099,32.179,15,19,4,dormant,0,0,,3.745414,0,0,0,3.6910,-1.1339,0.0000,0,0,0
41,1.231053,active,6,299.207,205.955,72.720,1.0000,1,1.990,0,0,275.919,216.305,25.484,14,19,5,dormant,0,0,,4.442615,0,0,0,3.7456,-0.8727,0.0000,0,0,0
42,1.261078,active,6,290.031,201.122,67.093,1.0000,1,1.990,0,0,277.580,210.794,15.766,15,17,5,dormant,0,0,,4.359851,0,0,0,3.7866,-0.6803,0.0000,0,0,0
43,1.291104,active,6,291.496,199.388,66.692,1.0000,1,1.990,0,0,279.606,204.753,13.044,14,16,5,dormant,0,0,,2.899613,0,0,0,3.6229,-0.3924,0.0000,0,0,0
44,1.321130,active,6,288.847,194.234,66.382,1.0000,1,1.990,0,0,281.490,200.270,9.516,15,16,5,dormant,0,0,,2.877290,0,0,0,3.8240,-0.4267,0.0000,0,0,0
45,1.351155,active,6,287.021,194.792,64.451,1.0000,1,1.990,0,0,283.905,197.561,4.168,15,16,5,dormant,0,0,,2.947310,0,0,0,3.6150,-0.8394,0.0000,0,0,0
46,1.381181,active,6,296.358,191.297,68.102,1.0000,1,1.990,0,0,284.228,191.145,12.132,15,16,4,dormant,0,0,,2.968562,0,0,0,3.8039,-0.0661,0.0000,0,0,0
47,1.411207,active,6,284.846,185.823,61.231,1.0000,1,1.990,0,0,285.551,188.319,2.593,15,16,4,dormant,0,0,,3.107454,0,0,0,3.5854,-0.3579,0.0000,0,0,0
48,1.441233,active,6,287.623,183.692,60.359,1.0000,1,1.990,0,0,285.298,187.871,4.782,14,16,4,dormant,0,0,,3.080435,0,0,0,3.6648,-0.4154,0.0000,0,0,0
49,1.471258,active,6,296.281,180.547,63.311,1.0000,1,1.990,0,0,285.836,186.846,12.198,14,16,4,dormant,0,0,,3.152688,0,0,0,3.2850,-0.5389,0.0000,0,0,0
50,1.501284,active,6,301.579,178.141,66.529,1.0000,1,1.990,0,0,285.450,184.761,17.435,14,17,4,dormant,0,0,,2.901470,0,0,0,3.7983,-0.1356,0.0000,0,0,0
51,1.531310,active,6,304.957,175.309,68.221,1.0000,1,1.990,0,0,284.698,179.650,20.720,14,17,4,dormant,0,0,,3.964748,0,0,0,3.0291,-0.2009,0.0000,0,0,0
52,1.561335,active,6,306.588,176.866,67.648,1.0000,1,1.990,0,0,286.312,176.240,20.286,14,17,4,dormant,0,0,,4.270233,0,0,0,3.2537,0.2592,0.0000,0,0,0
53,1.591361,active,6,305.453,174.415,71.365,1.0000,1,1.990,0,0,285.778,175.740,19.720,14,17,5,dormant,0,0,,3.923471,0,0,0,2.7101,0.4209,0.0000,0,0,0
54,1.621387,active,6,303.188,173.928,71.569,1.0000,1,1.990,0,0,285.855,175.789,17.432,14,17,5,dormant,0,0,,3.697567,0,0,0,2.7994,0.2871,0.0000,0,0,0
55,1.651412,active,6,309.150,172.928,73.638,1.0000,1,1.990,0,0,293.488,169.395,16.056,14,17,5,dormant,0,0,,4.185676,0,0,0,4.3824,0.3515,0.0000,0,0,0
56,1.681438,active,6,301.309,173.683,69.771,1.0000,1,1.990,0,0,295.157,168.631,7.961,14,17,5,dormant,0,0,,4.022146,0,0,0,3.7143,0.4187,0.0000,0,0,0
57,1.711464,active,6,299.833,172.352,65.412,1.0000,1,1.990,0,0,295.811,167.465,6.330,14,17,5,dormant,0,0,,3.996936,0,0,0,3.4071,0.1012,0.0000,0,0,0
58,1.741489,active,6,302.710,171.434,61.946,1.0000,1,1.990,0,0,297.492,165.392,7.984,14,17,5,dormant,0,0,,3.950721,0,0,0,3.8591,0.1957,0.0000,0,0,0
59,1.771515,active,6,302.233,172.415,61.653,1.0000,1,1.990,0,0,297.819,161.861,11.439,16,19,5,dormant,0,0,,4.022166,0,0,0,2.7578,0.4059,0.0000,0,0,0
60,1.801541,active,6,306.358,175.116,59.760,1.0000,1,1.990,0,0,299.310,161.578,15.263,16,20,6,dormant,0,0,,2.822730,0,0,0,2.6792,0.4120,0.0000,0,0,0
61,1.831566,active,6,306.691,173.556,59.225,1.0000,1,1.990,0,0,299.108,161.024,14.648,15,20,6,dormant,0,0,,3.812292,0,0,0,2.8913,0.4048,0.0000,0,0,0
62,1.861592,active,6,312.833,163.026,54.509,1.0000,1,1.990,0,0,299.284,160.869,13.720,15,19,7,dormant,0,0,,3.903340,0,0,0,2.7259,0.5300,0.0000,0,0,0
63,1.891618,active,6,308.596,165.503,58.359,0.8607,1,2.431,1,1,299.131,159.902,10.998,14,19,8,dormant,0,0,,0.469613,0,0,0,2.5202,0.8959,0.0000,0,0,0
64,1.921643,active,6,309.210,164.095,57.858,0.7408,1,2.872,2,1,301.549,156.082,11.087,14,19,10,dormant,0,0,,0.013980,0,0,0,2.6929,1.3009,0.0000,0,0,0
65,1.951669,active,6,309.824,162.688,57.358,0.6376,1,3.320,3,1,301.947,153.500,12.102,14,19,10,dormant,0,0,,0.121187,0,0,0,2.5380,1.4730,0.0000,0,0,0
66,1.981695,active,6,305.053,154.834,60.821,1.0000,1,2.553,0,0,302.018,152.398,3.891,15,19,10,dormant,0,0,,0.651086,0,0,0,2.5931,1.3012,0.0000,0,0,0
67,2.011720,active,6,303.157,157.542,57.256,1.0000,1,2.257,0,0,302.736,150.461,7.094,15,19,10,dormant,0,0,,1.893295,0,0,0,3.6063,0.7610,0.0000,0,0,0
68,2.041746,active,6,304.590,155.673,58.446,1.0000,1,2.118,0,0,302.239,150.689,5.510,15,19,10,dormant,0,0,,2.326282,0,0,0,3.4852,0.4198,0.0000,0,0,0
69,2.071772,active,6,296.315,161.620,53.926,1.0000,1,2.050,0,0,301.504,149.420,13.257,15,18,10,dormant,0,0,,2.139915,0,0,0,3.3975,1.2561,0.0000,0,0,0
70,2.101797,active,6,248.205,188.854,88.924,1.0000,1,2.016,0,0,299.497,146.822,66.314,15,18,10,dormant,0,0,,2.767011,0,0,0,3.8420,1.3366,0.0000,0,0,0
71,2.131823,active,6,282.075,166.176,67.418,0.8607,1,2.450,1,1,295.631,143.896,26.080,14,18,9,dormant,0,0,,0.400534,0,0,0,3.0689,1.6665,0.0000,0,0,0
72,2.161849,active,6,277.281,143.979,69.527,1.0000,1,2.218,0,0,292.114,142.908,14.872,14,18,9,dormant,0,0,,0.538388,0,0,0,3.6151,1.5504,0.0000,0,0,0
73,2.191874,active,6,278.777,132.424,66.265,1.0000,1,2.105,0,0,287.226,140.083,11.404,14,18,9,dormant,0,0,,2.630498,0,0,0,2.9671,1.6876,0.0000,0,0,0
74,2.221900,active,6,270.950,138.866,68.090,1.0000,1,2.047,0,0,283.990,138.451,13.047,16,18,10,dormant,0,0,,2.372310,0,0,0,2.6875,1.8195,0.0000,0,0,0
75,2.251926,active,6,276.473,137.085,65.075,1.0000,1,2.018,0,0,279.817,136.220,3.453,14,17,10,dormant,0,0,,2.514383,0,0,0,3.1627,2.0277,0.0000,0,0,0
76,2.281951,active,6,271.930,129.476,62.597,1.0000,1,2.003,0,0,274.021,134.482,5.426,14,17,10,dormant,0,0,,2.666993,0,0,0,3.3615,2.1584,0.0000,0,0,0
77,2.311977,active,6,273.202,124.128,59.844,1.0000,1,1.996,0,0,267.175,134.366,11.881,13,17,10,dormant,0,0,,2.272401,0,0,0,3.3630,1.7365,0.0000,0,0,0
78,2.342003,active,6,259.801,129.655,57.502,1.0000,1,1.992,0,0,265.634,132.429,6.459,13,17,10,dormant,0,0,,2.547942,0,0,0,3.1584,1.6172,0.0000,0,0,0
79,2.372029,active,6,264.767,130.082,63.764,1.0000,1,1.991,0,0,264.261,132.001,1.985,13,17,10,dormant,0,0,,2.383765,0,0,0,2.9091,2.1642,0.0000,0,0,0
80,2.402054,active,6,261.952,131.857,66.895,1.0000,1,1.991,0,0,261.112,131.307,1.004,13,17,10,dormant,0,0,,2.701097,0,0,0,3.3470,2.2295,0.0000,0,0,0
81,2.432080,active,6,263.105,128.876,66.967,1.0000,1,1.990,0,0,259.844,130.416,3.606,14,17,11,dormant,0,0,,3.008836,0,0,0,1.6620,2.0729,0.0000,0,0,0
82,2.462106,active,6,248.603,124.425,59.814,1.0000,1,1.990,0,0,259.211,128.564,11.387,14,17,12,dormant,0,0,,3.141151,0,0,0,2.2471,1.7431,0.0000,0,0,0
83,2.492131,active,6,259.132,130.263,66.541,1.0000,1,1.990,0,0,257.882,126.516,3.950,14,17,12,dormant,0,0,,4.277596,0,0,0,2.0166,2.6588,0.0000,0,0,0
84,2.522157,active,6,253.824,133.281,64.916,1.0000,1,1.990,0,0,257.190,124.774,9.148,14,17,12,dormant,0,0,,4.449059,0,0,0,2.1118,2.2630,0.0000,0,0,0
85,2.552183,active,6,254.253,128.447,66.547,1.0000,1,1.990,0,0,255.171,122.571,5.947,14,17,11,dormant,0,0,,4.513057,0,0,0,2.0155,1.9403,0.0000,0,0,0
86,2.582208,active,6,263.337,124.142,65.659,1.0000,1,1.990,0,0,253.785,119.307,10.706,15,17,11,dormant,0,0,,4.092379,0,0,0,1.9523,1.6109,0.0000,0,0,0
87,2.612234,active,6,263.756,124.197,64.011,1.0000,1,1.990,0,0,251.320,117.482,14.133,14,17,11,dormant,0,0,,4.000290,0,0,0,1.3627,1.9711,0.0000,0,0,0
88,2.642260,active,6,262.897,126.227,64.191,1.0000,1,1.990,0,0,249.546,115.494,17.130,14,17,12,dormant,0,0,,3.807559,0,0,0,1.9493,1.9182,0.0000,0,0,0
89,2.672285,active,6,259.322,127.985,64.358,1.0000,1,1.990,0,0,247.962,114.257,17.819,14,17,12,dormant,0,0,,2.046037,0,0,0,1.5428,2.0412,0.0000,0,0,0
90,2.702311,active,6,255.018,132.239,67.887,1.0000,1,1.990,0,0,247.606,114.022,19.666,14,17,12,dormant,0,0,,1.770815,0,0,0,0.8242,2.1630,0.0000,0,0,0
91,2.732337,active,6,254.449,131.757,66.442,1.0000,1,1.990,0,0,247.797,114.343,18.641,14,17,12,dormant,0,0,,1.415414,0,0,0,1.7110,2.0420,0.0000,0,0,0
92,2.762362,active,6,250.778,131.414,65.186,1.0000,1,1.990,0,0,247.718,114.300,17.386,14,16,12,dormant,0,0,,1.514383,0,0,0,1.1914,2.9857,0.0000,0,0,0
93,2.792388,active,6,256.753,133.069,62.213,1.0000,1,1.990,0,0,247.901,114.216,20.828,14,16,12,dormant,0,0,,1.838252,0,0,0,1.4021,2.9970,0.0000,0,0,0
94,2.822414,active,6,253.653,138.647,64.157,1.0000,1,1.990,0,0,247.771,114.334,25.014,14,16,12,dormant,0,0,,1.951464,0,0,0,1.0533,2.2164,0.0000,0,0,0
95,2.852439,active,6,251.194,139.115,64.755,1.0000,1,1.990,0,0,247.459,113.933,25.458,14,15,12,dormant,0,0,,1.858361,0,0,0,0.7648,2.0255,0.0000,0,0,0
96,2.882465,active,6,245.456,141.372,64.836,1.0000,1,1.990,0,0,247.507,114.058,27.391,14,15,12,dormant,0,0,,1.703581,0,0,0,0.7405,1.7404,0.0000,0,0,0
97,2.912491,active,6,241.701,140.321,65.506,1.0000,1,1.990,0,0,247.789,114.088,26.931,14,15,12,dormant,0,0,,1.985632,0,0,0,0.6634,2.3516,0.0000,0,0,0
98,2.942516,active,6,232.545,142.805,68.224,1.0000,1,1.990,0,0,247.432,113.982,32.441,14,15,11,dormant,0,0,,1.765394,0,0,0,0.5572,1.8254,0.0000,0,0,0
99,2.972542,active,6,239.815,144.139,63.795,1.0000,1,1.990,0,0,247.624,114.094,31.043,14,15,11,dormant,0,0,,1.580496,0,0,0,0.5764,2.3538,0.0000,0,0,0
100,3.002568,active,6,234.953,145.396,63.564,1.0000,1,1.990,0,0,247.829,114.413,33.552,15,16,11,dormant,0,0,,1.510245,0,0,0,0.7291,1.8614,0.0000,0,0,0
101,3.032593,active,6,237.954,143.933,61.606,1.0000,1,1.990,0,0,247.791,114.352,31.174,15,16,12,dormant,0,0,,1.591245,0,0,0,0.4051,1.8933,0.0000,0,0,0
102,3.062619,active,6,228.399,146.781,64.449,1.0000,1,1.990,0,0,247.754,114.219,37.880,15,16,12,dormant,0,0,,1.366132,0,0,0,-0.1190,2.6922,0.0000,0,0,0
103,3.092645,active,6,224.265,147.156,66.584,1.0000,1,1.990,0,0,247.518,114.080,40.432,15,16,12,dormant,0,0,,1.406127,0,0,0,0.1787,2.5262,0.0000,0,0,0
104,3.122670,active,6,223.107,159.432,57.899,1.0000,1,1.990,0,0,247.590,114.102,51.520,16,17,12,dormant,0,0,,1.332683,0,0,0,0.1789,2.3216,0.0000,0,0,0
105,3.152696,active,6,219.171,152.230,63.134,1.0000,1,1.990,0,0,245.251,115.597,44.969,16,17,12,dormant,0,0,,1.375603,0,0,0,-0.4636,1.9237,0.0000,0,0,0
106,3.182722,active,6,215.191,148.510,65.146,1.0000,1,1.990,0,0,242.884,116.493,42.332,16,17,12,dormant,0,0,,1.281908,0,0,0,-0.2871,1.7649,0.0000,0,0,0
107,3.212747,active,6,209.757,146.853,68.851,1.0000,1,1.990,0,0,239.766,119.343,40.711,15,17,12,dormant,0,0,,1.297025,0,0,0,-0.4679,1.5497,0.0000,0,0,0
108,3.242773,active,6,211.188,152.002,65.230,0.8607,1,2.431,1,1,232.989,123.492,35.890,15,16,12,dormant,0,0,,0.450281,0,0,0,-0.4521,1.4586,0.0000,0,0,0
109,3.272799,active,6,208.598,152.891,65.272,0.7408,1,2.872,2,1,227.206,128.845,30.406,15,16,12,dormant,0,0,,0.804562,0,0,0,-1.0560,2.6384,0.0000,0,0,0
110,3.302825,active,6,206.007,153.781,65.314,0.6376,1,3.320,3,1,215.064,135.867,20.073,15,16,12,dormant,0,0,,0.999180,0,0,0,-0.8200,2.0996,0.0000,0,0,0
111,3.332850,active,6,203.417,154.670,65.356,0.5488,1,3.776,4,1,201.233,141.394,13.455,14,16,12,dormant,0,0,,1.218243,0,0,0,-0.9805,2.4798,0.0000,0,0,0
112,3.362876,active,6,200.826,155.560,65.397,0.4724,1,4.242,5,1,195.495,143.220,13.443,13,16,12,dormant,0,0,,1.386003,0,0,0,-0.8238,2.0952,0.0000,0,0,0
113,3.392902,active,6,198.236,156.449,65.439,0.4066,1,4.719,6,1,192.022,143.783,14.108,13,16,12,dormant,0,0,,1.145297,0,0,0,-1.5169,2.6486,0.0000,0,0,0
114,3.422927,active,6,195.645,157.339,65.481,0.3499,1,5.207,7,1,191.286,143.242,14.755,13,16,12,dormant,0,0,,0.913150,0,0,0,-1.4732,3.0776,0.0000,0,0,0
115,3.452953,active,6,193.055,158.228,65.523,0.3012,1,5.707,8,1,189.305,141.721,16.928,13,16,12,dormant,0,0,,1.484836,0,0,0,-1.0924,2.6135,0.0000,0,0,0
116,3.482979,active,6,190.464,159.118,65.565,0.2592,1,6.219,9,1,184.139,140.415,19.743,14,16,12,dormant,0,0,,0.995683,0,0,0,-1.3536,1.9368,0.0000,0,0,0
117,3.513004,active,6,187.874,160.007,65.607,0.2231,1,6.742,10,1,180.104,138.784,22.600,14,16,12,dormant,0,0,,1.250551,0,0,0,-2.1501,2.0174,0.0000,0,0,0
118,3.543030,active,6,185.283,160.897,65.648,0.1920,1,7.277,11,1,176.459,134.647,27.693,15,17,11,dormant,0,0,,1.349917,0,0,0,-2.0059,1.2252,0.0000,0,0,0
119,3.573056,active,6,182.693,161.786,65.690,0.1653,1,7.824,12,1,170.853,128.680,35.160,15,17,12,dormant,0,0,,1.231221,0,0,0,-1.6308,1.6355,0.0000,0,0,0
120,3.603081,active,6,180.102,162.676,65.732,0.1423,1,8.382,13,1,167.965,125.812,38.811,14,17,12,dormant,0,0,,1.266436,0,0,0,-1.9494,1.8557,0.0000,0,0,0
121,3.633107,active,6,177.512,163.565,65.774,0.1225,1,8.952,14,1,165.606,121.407,43.807,14,17,12,dormant,0,0,,1.103700,0,0,0,-2.3927,1.5739,0.0000,0,0,0
122,3.663133,active,6,174.921,164.455,65.816,0.1054,1,9.532,15,1,163.712,118.420,47.380,14,17,11,dormant,0,0,,1.299989,0,0,0,-1.9550,0.8561,0.0000,0,0,0
123,3.693158,active,6,172.331,165.344,65.857,0.0907,1,10.124,16,1,161.506,112.135,54.299,14,17,11,dormant,0,0,,1.369002,0,0,0,-3.5429,2.4910,0.0000,0,0,0
124,3.723184,active,6,169.740,166.234,65.899,0.0781,1,10.726,17,1,159.724,111.600,55.545,14,17,11,dormant,0,0,,1.327859,0,0,0,-3.1064,1.5882,0.0000,0,0,0
125,3.753210,active,6,167.150,167.123,65.941,0.0672,1,11.340,18,1,159.752,110.563,57.042,15,18,11,dormant,0,0,,1.783196,0,0,0,-2.8197,1.9322,0.0000,0,0,0
126,3.783235,active,6,164.559,168.013,65.983,0.0578,1,11.964,19,1,159.869,109.609,58.592,15,18,11,dormant,0,0,31,2.012357,0,0,0,-2.0581,1.8006,0.0000,0,0,0
127,3.813261,active,6,161.969,168.902,66.025,0.0498,1,12.598,20,1,159.293,106.770,62.189,15,18,11,dormant,0,0,,1.746702,0,0,0,-2.1808,1.2601,0.0000,0,0,0
128,3.843287,active,6,159.378,169.792,66.066,0.0429,1,13.243,21,1,157.641,103.644,66.171,16,19,11,dormant,0,0,,1.559988,0,0,0,-3.3715,0.8884,0.0000,0,0,0
129,3.873312,active,6,156.788,170.681,66.108,0.0369,1,13.898,22,1,157.711,102.448,68.240,16,19,11,dormant,0,0,,1.605196,0,0,0,-3.1376,0.7448,0.0000,0,0,0
130,3.903338,active,6,154.197,171.571,66.150,0.0317,1,14.563,23,1,157.527,100.842,70.807,17,20,11,dormant,0,0,31,2.220071,0,0,0,-3.5454,0.7562,0.0000,0,0,0
131,3.933364,active,6,151.607,172.460,66.192,0.0273,1,15.237,24,1,157.354,100.140,72.548,17,20,11,dormant,0,0,31,2.106834,0,0,0,-2.7805,1.1960,0.0000,0,0,0
132,3.963389,active,6,149.016,173.350,66.234,0.0235,1,15.922,25,1,157.323,98.850,74.961,17,19,11,dormant,0,0,,1.588164,0,0,0,-2.8463,1.2488,0.0000,0,0,0
133,3.993415,active,23,88.234,213.669,71.636,1.0000,1,1.990,0,0,157.312,96.976,135.606,17,18,11,dormant,0,0,,1.588164,0,0,0,-2.9004,1.1349,0.0000,0,0,1
134,4.023441,active,23,83.668,213.129,72.962,1.0000,1,1.990,0,0,155.534,96.920,136.635,17,18,11,dormant,0,0,,1.734084,0,0,0,-3.5963,1.1598,0.0000,0,0,0
135,4.053466,active,23,81.593,218.070,72.572,1.0000,1,1.990,0,0,155.458,97.024,141.803,17,18,11,dormant,0,0,,1.534302,0,0,0,-2.5969,1.4441,0.0000,0,0,0
136,4.083492,active,23,79.261,219.001,73.176,1.0000,1,1.990,0,0,155.541,96.767,144.082,17,18,11,dormant,0,0,,1.748570,0,0,0,-3.3618,1.2774,0.0000,0,0,0
137,4.113518,active,23,75.926,221.036,73.347,1.0000,1,1.990,0,0,155.655,96.476,147.892,17,18,11,dormant,0,0,,1.642100,0,0,0,-3.5458,0.8639,0.0000,0,0,0
138,4.143543,active,23,73.384,218.971,70.971,1.0000,1,1.990,0,0,155.485,96.391,147.535,17,18,12,dormant,0,0,,1.390908,0,0,0,-3.7062,0.9535,0.0000,0,0,0
139,4.173569,active,23,75.128,219.894,68.254,1.0000,1,1.990,0,0,155.868,96.817,147.196,17,18,12,dormant,0,0,,1.372106,0,0,0,-3.3643,0.6578,0.0000,0,0,0
140,4.203595,active,23,72.127,223.551,68.744,1.0000,1,1.990,0,0,155.555,96.217,152.231,17,17,12,dormant,0,0,,1.363462,0,0,0,-3.7985,0.8040,0.0000,0,0,0
141,4.233621,active,23,65.960,224.101,68.737,1.0000,1,1.990,0,0,154.678,96.598,155.332,17,17,12,dormant,0,0,,1.342632,0,0,0,-4.6309,0.5913,0.0000,0,0,0
142,4.263646,active,23,65.023,224.545,68.013,1.0000,1,1.990,0,0,153.086,95.582,156.161,18,18,12,dormant,0,0,,0.738195,0,0,0,-3.9249,1.0986,0.0000,0,0,0
143,4.293672,active,23,63.610,225.772,67.208,1.0000,1,1.990,0,0,151.296,94.593,157.787,17,18,12,dormant,0,0,,0.969565,0,0,0,-2.6390,0.9608,0.0000,0,0,0
144,4.323698,active,23,62.479,226.877,66.889,1.0000,1,1.990,0,0,147.785,92.316,159.322,17,18,12,dormant,0,0,,0.515004,0,0,0,-3.0227,1.1810,0.0000,0,0,0
145,4.353723,active,23,59.931,224.603,65.335,1.0000,1,1.990,0,0,143.036,89.958,158.227,17,18,12,dormant,0,0,,0.432427,0,0,0,-3.8059,0.4942,0.0000,0,0,0
146,4.383749,active,23,57.731,224.896,64.401,1.0000,1,1.990,0,0,141.109,90.326,158.306,17,18,12,dormant,0,0,,0.200900,0,0,0,-2.8663,0.2611,0.0000,0,0,0
147,4.413775,active,23,56.014,226.264,63.537,1.0000,1,1.990,0,0,140.066,90.820,159.405,16,18,12,dormant,0,0,,0.606067,0,0,0,-3.3088,0.3233,0.0000,0,0,0
148,4.443800,active,23,54.060,228.638,62.386,1.0000,1,1.990,0,0,137.444,90.484,161.368,16,18,12,dormant,0,0,,0.286865,0,0,0,-3.2609,0.3147,0.0000,0,0,0
149,4.473826,active,23,51.314,228.931,61.187,1.0000,1,1.990,0,0,134.955,90.853,161.434,17,18,12,dormant,0,0,,0.278710,0,0,0,-3.5452,0.1942,0.0000,0,0,0
150,4.503852,active,23,49.633,229.070,60.133,1.0000,1,1.990,0,0,131.398,90.752,160.678,17,18,12,dormant,0,0,,1.241735,0,0,0,-3.4575,-0.0949,0.0000,0,0,0
151,4.533877,active,23,49.050,230.401,60.314,1.0000,1,1.990,0,0,129.347,90.940,160.925,16,18,12,dormant,0,0,,1.869883,0,0,0,-3.1235,0.2428,0.0000,0,0,0
152,4.563903,active,23,47.053,229.695,59.118,1.0000,1,1.990,0,0,129.228,91.117,161.110,17,19,12,dormant,0,0,,1.564238,0,0,0,-3.6292,0.1336,0.0000,0,0,0
153,4.593929,active,23,44.987,229.783,58.205,1.0000,1,1.990,0,0,124.189,90.447,160.273,17,19,12,dormant,0,0,31,2.073121,0,0,0,-3.4399,0.0763,0.0000,0,0,0
154,4.623954,active,23,41.774,230.356,56.277,1.0000,1,1.990,0,0,121.396,91.105,160.407,17,19,12,dormant,0,0,,1.338409,0,0,0,-3.0560,-0.0020,0.0000,0,0,0
155,4.653980,active,23,39.430,230.557,55.075,1.0000,1,1.990,0,0,116.856,90.137,160.351,17,19,12,dormant,0,0,,1.548346,0,0,0,-4.5159,0.0943,0.0000,0,0,0
156,4.684006,active,23,37.193,230.335,53.992,1.0000,1,1.990,0,0,114.152,88.217,161.618,17,19,12,dormant,0,0,,1.766510,0,0,0,-4.0934,-0.1241,0.0000,0,0,0
157,4.714031,active,23,34.655,232.644,50.916,1.0000,1,1.990,0,0,111.037,85.449,165.834,17,19,12,dormant,0,0,31,2.198341,0,0,0,-3.4049,-0.0043,0.0000,0,0,0
158,4.744057,active,23,32.404,235.816,49.119,1.0000,1,1.990,0,0,108.245,83.711,169.964,16,19,12,dormant,0,0,31,2.214507,0,0,0,-3.3985,-0.3510,0.0000,0,0,0
159,4.774083,active,23,29.236,231.443,50.429,1.0000,1,1.990,0,0,105.091,83.254,166.475,17,20,12,dormant,0,0,31,2.882170,0,0,0,-3.9161,-0.1231,0.0000,0,0,0
160,4.804108,active,23,27.770,231.807,49.594,1.0000,1,1.990,0,0,101.509,80.658,168.177,17,20,12,dormant,0,0,31,2.513291,0,0,0,-3.7380,-0.0608,0.0000,0,0,0
161,4.834134,active,23,26.082,231.230,48.416,1.0000,1,1.990,0,0,98.463,79.735,167.897,19,21,12,dormant,0,0,,2.383631,0,0,0,-3.7529,-0.1689,0.0000,0,0,0
162,4.864160,active,23,21.542,235.206,46.414,1.0000,1,1.990,0,0,94.879,78.879,172.675,19,21,12,dormant,0,0,,3.437835,0,0,0,-4.9374,-0.3004,0.0000,0,0,0
163,4.894185,active,23,20.679,234.471,46.800,0.8607,1,2.431,1,1,93.336,77.497,172.973,17,21,12,dormant,0,0,,1.798017,0,0,0,-4.3276,-0.5666,0.0000,0,0,0
164,4.924211,active,23,18.415,234.954,46.027,0.7408,1,2.872,2,1,92.861,77.122,174.508,17,21,12,dormant,0,0,,1.431919,0,0,0,-3.9635,-0.4715,0.0000,0,0,0
165,4.954237,active,23,16.151,235.436,45.254,0.6376,1,3.320,3,1,89.464,76.121,175.374,17,21,12,dormant,0,0,,1.068804,0,0,0,-3.6897,-0.0729,0.0000,0,0,0
166,4.984262,active,23,13.887,235.919,44.481,0.5488,1,3.776,4,1,87.211,74.287,177.486,17,21,12,dormant,0,0,,1.539505,0,0,0,-2.8352,-0.4087,0.0000,0,0,0
167,5.014288,active,23,11.623,236.401,43.707,0.4724,1,4.242,5,1,87.165,73.532,179.535,17,21,12,dormant,0,0,,0.851798,0,0,0,-3.8169,-0.4412,0.0000,0,0,0
168,5.044314,active,23,9.359,236.884,42.934,0.4066,1,4.719,6,1,86.931,72.068,182.158,17,21,11,dormant,0,0,,1.642952,0,0,0,-2.9044,-0.6017,0.0000,0,0,0
169,5.074339,active,23,7.095,237.367,42.161,0.3499,1,5.207,7,1,83.497,71.767,182.375,17,21,11,dormant,0,0,,1.231188,0,0,0,-3.0553,-1.1152,0.0000,0,0,0
170,5.104365,active,23,4.831,237.849,41.388,0.3012,1,5.707,8,1,83.033,70.319,184.883,16,21,11,dormant,0,0,,1.727856,0,0,0,-3.4076,-0.9392,0.0000,0,0,0
171,5.134391,active,23,2.567,238.332,40.615,0.2592,1,6.219,9,1,80.686,69.348,186.166,16,19,11,dormant,0,0,,1.801992,0,0,0,-3.0963,-0.8786,0.0000,0,0,0
172,5.164417,active,23,0.303,238.814,39.842,0.2231,1,6.742,10,1,81.188,69.285,187.836,16,19,11,dormant,0,0,,1.480809,0,0,0,-2.0300,-1.1150,0.0000,0,0,0
173,5.194442,active,23,-1.961,239.297,39.069,0.1920,1,7.277,11,1,81.199,69.233,189.307,16,19,9,dormant,0,0,,1.565861,0,0,0,-3.5285,-1.0444,0.0000,0,0,0
174,5.224468,active,23,-4.224,239.779,38.296,0.1653,1,7.824,12,1,81.073,68.616,191.240,16,19,9,dormant,0,0,31,2.196798,0,0,0,-3.2904,-1.2338,0.0000,0,0,0
175,5.254494,active,29,93.393,160.601,64.457,1.0000,1,1.990,0,0,80.976,66.727,94.691,16,18,10,dormant,0,0,31,2.196798,0,0,0,-2.8382,-0.6544,0.0000,0,0,1
176,5.284519,active,29,72.909,159.917,54.281,1.0000,1,1.990,0,0,78.996,66.992,93.124,16,18,10,dormant,0,0,31,2.489610,0,0,0,-2.8701,-1.2055,0.0000,0,0,0
177,5.314545,active,29,89.728,119.815,83.131,1.0000,1,1.990,0,0,77.417,66.816,54.410,17,18,11,dormant,0,0,31,2.105598,0,0,0,-2.8622,-1.1046,0.0000,0,0,0
178,5.344571,active,31,80.877,73.067,65.328,1.0000,1,1.990,0,0,77.275,66.848,7.187,16,18,11,dormant,0,0,,2.147908,1,0,0,-2.5924,-1.3192,0.0000,0,0,1
179,5.374596,active,31,79.453,80.340,70.466,1.0000,1,1.990,0,0,77.247,66.846,13.673,16,17,11,dormant,0,0,,2.868068,0,0,0,-2.4769,-1.2008,0.0000,0,0,0
180,5.404622,active,31,72.312,74.841,64.076,1.0000,1,1.990,0,0,77.178,66.649,9.529,16,17,10,dormant,0,0,,2.705736,0,0,0,-2.4915,-1.4458,0.0000,0,0,0
181,5.434648,active,31,73.625,79.167,67.286,1.0000,1,1.990,0,0,77.313,66.443,13.248,16,17,10,dormant,0,0,,2.660641,0,0,0,-1.8081,-1.4419,0.0000,0,0,0
182,5.464673,active,31,67.520,65.776,59.730,1.0000,1,1.990,0,0,77.579,66.392,10.077,16,17,10,dormant,0,0,,3.295661,0,0,0,-1.1115,-1.6223,0.0000,0,0,0
183,5.494699,active,31,66.413,62.820,56.808,1.0000,1,1.990,0,0,77.780,66.477,11.940,16,17,10,dormant,0,0,,2.814861,0,0,0,-1.8812,-1.6641,0.0000,0,0,0
184,5.524725,active,31,66.509,62.315,56.940,1.0000,1,1.990,0,0,77.581,66.609,11.876,15,17,10,dormant,0,0,,3.063033,0,0,0,-2.0883,-1.1540,0.0000,0,0,0
185,5.554750,active,31,67.255,64.663,58.942,1.0000,1,1.990,0,0,77.834,66.639,10.762,15,17,10,dormant,0,0,,2.679763,0,0,0,-2.4532,-1.3144,0.0000,0,0,0
186,5.584776,active,31,66.971,65.823,59.166,1.0000,1,1.990,0,0,77.837,66.356,10.879,15,17,10,dormant,0,0,,2.713028,0,0,0,-2.0098,-1.8054,0.0000,0,0,0
187,5.614802,active,31,66.633,67.231,59.993,1.0000,1,1.990,0,0,77.479,66.057,10.910,14,17,11,dormant,0,0,,2.487959,0,0,0,-1.1454,-1.6606,0.0000,0,0,0
188,5.644827,active,31,66.371,67.791,60.591,1.0000,1,1.990,0,0,77.421,66.173,11.167,13,17,10,dormant,0,0,,2.043785,0,0,0,-1.8839,-1.5451,0.0000,0,0,0
189,5.674853,active,31,66.604,72.212,63.788,1.0000,1,1.990,0,0,77.636,66.331,12.502,15,17,11,dormant,0,0,,2.106434,0,0,0,-1.9650,-1.6864,0.0000,0,0,0
190,5.704879,active,31,66.019,65.833,59.816,1.0000,1,1.990,0,0,77.540,66.274,11.530,13,17,11,dormant,0,0,,3.882093,0,0,0,-1.8473,-1.9266,0.0000,0,0,0
191,5.734904,active,31,65.386,65.759,59.191,1.0000,1,1.990,0,0,77.440,66.310,12.067,13,17,11,dormant,0,0,,3.890089,0,0,0,-1.6652,-2.0202,0.0000,0,0,0
192,5.764930,active,31,63.164,65.327,59.703,0.8607,1,2.431,1,1,76.996,65.338,13.832,12,17,11,dormant,0,0,,2.888725,0,0,0,-1.4870,-1.9923,0.0000,0,0,0
193,5.794956,active,31,62.262,64.839,59.528,0.7408,1,2.872,2,1,75.620,64.327,13.368,12,17,11,dormant,0,0,,1.907757,0,0,0,-1.7471,-2.0767,0.0000,0,0,0
194,5.824981,active,31,79.164,68.816,46.984,1.0000,1,2.397,0,0,75.088,63.151,6.979,13,17,10,dormant,0,0,,2.069555,0,0,0,-1.3375,-2.0391,0.0000,0,0,0
195,5.855007,active,31,69.754,66.194,52.922,0.8607,1,2.825,1,1,75.352,63.548,6.192,12,17,10,dormant,0,0,,1.923506,0,0,0,-0.9971,-3.0866,0.0000,0,0,0
196,5.885033,active,31,69.624,65.899,52.422,0.7408,1,3.261,2,1,75.390,63.155,6.386,13,18,10,dormant,0,0,,1.854911,0,0,0,-0.7453,-2.4153,0.0000,0,0,0
197,5.915058,active,31,69.493,65.605,51.922,0.6376,1,3.707,3,1,73.816,63.672,4.735,13,18,11,dormant,0,0,,1.933387,0,0,0,-0.7840,-1.9229,0.0000,0,0,0
198,5.945084,active,31,69.363,65.310,51.421,0.5488,1,4.163,4,1,73.155,63.905,4.044,13,18,11,dormant,0,0,,0.502528,0,0,0,-0.3968,-2.9061,0.0000,0,0,0
199,5.975110,active,31,69.233,65.016,50.921,0.4724,1,4.631,5,1,73.308,63.551,4.331,13,18,11,dormant,0,0,,0.559645,0,0,0,-0.5342,-2.7448,0.0000,0,0,0
200,6.005136,active,31,69.103,64.721,50.421,0.4066,1,5.110,6,1,71.820,63.528,2.967,13,17,11,dormant,0,0,,0.236111,0,0,0,-0.4630,-2.4216,0.0000,0,0,0
201,6.035161,active,31,68.973,64.427,49.921,0.3499,1,5.602,7,1,71.096,62.403,2.933,13,17,10,dormant,0,0,,0.121446,0,0,0,-0.3908,-2.6156,0.0000,0,0,0
202,6.065187,active,31,68.843,64.132,49.421,0.3012,1,6.106,8,1,69.181,61.980,2.179,14,18,10,dormant,0,0,,0.098682,0,0,0,-0.6822,-2.0658,0.0000,0,0,0
203,6.095213,active,31,68.712,63.838,48.920,0.2592,1,6.622,9,1,66.944,62.239,2.384,14,18,10,dormant,0,0,,0.100120,0,0,0,-0.6212,-1.7745,0.0000,0,0,0
204,6.125238,active,31,68.582,63.543,48.420,0.2231,1,7.150,10,1,63.679,62.683,4.978,14,17,10,dormant,0,0,,0.234083,0,0,0,-0.2297,-1.7953,0.0000,0,0,0
205,6.155264,active,31,68.452,63.249,47.920,0.1920,1,7.689,11,1,61.629,62.624,6.851,14,17,9,dormant,0,0,,0.583260,0,0,0,-0.1971,-2.3215,0.0000,0,0,0
206,6.185290,active,31,68.322,62.954,47.420,0.1653,1,8.241,12,1,61.499,62.486,6.839,14,17,9,dormant,0,0,,0.819197,0,0,0,-0.0352,-2.1537,0.0000,0,0,0
207,6.215315,active,31,68.192,62.660,46.919,0.1423,1,8.804,13,1,61.417,62.634,6.774,14,17,9,dormant,0,0,,1.507512,0,0,0,0.2031,-2.3151,0.0000,0,0,0
208,6.245341,active,31,68.061,62.365,46.419,0.1225,1,9.378,14,1,61.453,62.629,6.614,15,17,9,dormant,0,0,,1.583304,0,0,0,0.2273,-2.5186,0.0000,0,0,0
209,6.275367,active,31,67.931,62.071,45.919,0.1054,1,9.963,15,1,61.585,62.729,6.380,14,17,9,dormant,0,0,,1.427354,0,0,0,0.0728,-2.6085,0.0000,0,0,0
210,6.305392,active,31,67.801,61.776,45.419,0.0907,1,10.560,16,1,61.745,62.864,6.153,14,16,9,dormant,0,0,,0.062959,0,0,0,0.7353,-2.3501,0.0000,0,0,0
211,6.335418,active,31,67.671,61.482,44.919,0.0781,1,11.168,17,1,61.634,62.584,6.137,15,17,9,dormant,0,0,,0.214322,0,0,0,0.5151,-1.8103,0.0000,0,0,0
212,6.365444,active,31,67.541,61.187,44.418,0.0672,0,11.786,18,1,61.724,62.588,5.983,14,17,9,dormant,0,0,,0.596503,0,1,0,0.7340,-2.2311,0.0000,0,0,0
213,6.395469,active,31,67.410,60.893,43.918,0.0578,0,12.415,19,1,61.723,62.676,5.961,14,17,9,dormant,0,0,,0.533575,0,1,0,1.0744,-1.8372,0.0000,0,0,0
214,6.425495,active,31,67.280,60.598,43.418,0.0498,0,13.054,20,1,61.570,62.340,5.970,15,17,9,dormant,0,0,,0.853561,0,1,0,1.0476,-1.8729,0.0000,0,0,0
215,6.455521,active,31,53.056,70.889,52.076,1.0000,1,3.358,0,0,61.711,62.292,12.199,16,17,10,dormant,0,0,,0.233655,0,0,0,0.7931,-2.2821,0.0000,0,0,0
216,6.485546,active,31,53.175,70.408,51.059,0.8607,1,3.676,1,1,61.648,62.350,11.693,15,18,10,dormant,0,0,,0.200104,0,0,0,0.8603,-1.8553,0.0000,0,0,0
217,6.515572,active,31,52.447,70.562,50.849,0.7408,1,4.025,2,1,61.287,62.665,11.853,15,18,11,dormant,0,0,,0.332592,0,0,0,0.9625,-2.1920,0.0000,0,0,0
218,6.545598,active,31,61.416,65.910,56.536,1.0000,1,2.722,0,0,61.664,62.553,3.366,15,18,11,dormant,0,0,,0.213242,0,0,0,0.9924,-2.3069,0.0000,0,0,0
219,6.575623,active,31,62.454,65.730,56.964,1.0000,1,2.307,0,0,61.813,62.529,3.264,15,18,11,dormant,0,0,,1.612325,0,0,0,1.8113,-1.9073,0.0000,0,0,0
220,6.605649,active,31,59.429,66.740,55.415,0.8607,1,2.704,1,1,61.724,62.591,4.741,14,18,11,dormant,0,0,,1.338263,0,0,0,1.0652,-1.9594,0.0000,0,0,0
221,6.635675,active,31,61.679,63.913,54.936,1.0000,1,2.320,0,0,61.620,62.876,1.039,15,18,11,dormant,0,0,,1.394006,0,0,0,1.7109,-1.8457,0.0000,0,0,0
222,6.665700,active,31,59.503,65.928,54.397,1.0000,1,2.152,0,0,61.508,62.849,3.675,15,18,11,dormant,0,0,,0.804280,0,0,0,2.0457,-1.8184,0.0000,0,0,0
223,6.695726,active,31,59.835,65.316,54.847,0.8607,1,2.587,1,1,61.562,62.811,3.042,14,18,11,dormant,0,0,,1.428456,0,0,0,1.7196,-1.6214,0.0000,0,0,0
224,6.725752,active,31,59.715,65.139,54.815,0.7408,1,3.035,2,1,61.938,62.640,3.346,14,18,11,dormant,0,0,,1.620720,0,0,0,1.6762,-1.6911,0.0000,0,0,0
225,6.755777,active,31,59.594,64.963,54.784,0.6376,1,3.496,3,1,63.346,62.454,4.514,13,18,10,dormant,0,0,,1.516174,0,0,0,1.7684,-2.1765,0.0000,0,0,0
226,6.785803,active,31,59.474,64.787,54.753,0.5488,1,3.969,4,1,63.789,64.313,4.341,14,18,10,dormant,0,0,,1.343274,0,0,0,1.9996,-2.2180,0.0000,0,0,0
227,6.815829,active,31,59.353,64.611,54.721,0.4724,1,4.455,5,1,63.871,64.232,4.533,14,18,10,dormant,0,0,,0.926653,0,0,0,2.0113,-1.9603,0.0000,0,0,0
228,6.845854,active,31,55.048,89.065,57.576,1.0000,1,2.839,0,0,63.922,65.322,25.346,15,19,10,dormant,0,0,,0.638973,0,0,0,1.4205,-1.6175,0.0000,0,0,0
229,6.875880,active,31,56.073,82.148,56.608,0.8607,1,3.254,1,1,64.818,66.287,18.113,14,19,11,dormant,0,0,,2.064175,0,0,0,1.5171,-2.0064,0.0000,0,0,0
230,6.905906,active,31,55.723,83.321,56.672,0.7408,1,3.684,2,1,65.445,66.884,19.096,12,19,11,dormant,0,0,,0.409435,0,0,0,2.1268,-1.8479,0.0000,0,0,0
231,6.935932,active,31,55.374,84.493,56.736,0.6376,1,4.128,3,1,67.302,68.604,19.868,12,19,11,dormant,0,0,,0.337077,0,0,0,1.8887,-1.7276,0.0000,0,0,0
232,6.965957,active,31,55.025,85.665,56.800,0.5488,1,4.586,4,1,67.177,69.150,20.504,12,19,11,dormant,0,0,,0.442922,0,0,0,2.9363,-1.6872,0.0000,0,0,0
233,6.995983,active,31,70.137,100.185,60.701,1.0000,1,2.858,0,0,67.146,70.566,29.770,13,19,11,dormant,0,0,,0.325490,0,0,0,2.2088,-1.7025,0.0000,0,0,0
234,7.026009,active,31,68.141,96.969,59.496,1.0000,1,2.373,0,0,66.884,71.674,25.326,13,19,11,dormant,0,0,,3.313427,0,0,0,2.9577,-1.9755,0.0000,0,0,0
235,7.056034,active,31,71.788,96.087,60.285,1.0000,1,2.166,0,0,68.215,71.441,24.903,14,18,11,dormant,0,0,,3.020775,0,0,0,3.2368,-1.9452,0.0000,0,0,0
236,7.086060,active,31,68.597,100.086,61.723,1.0000,1,2.069,0,0,68.815,73.657,26.430,13,17,11,dormant,0,0,,3.254975,0,0,0,2.0204,-1.3344,0.0000,0,0,0
237,7.116086,active,31,67.849,98.474,60.738,1.0000,1,2.024,0,0,70.249,76.062,22.540,13,17,11,dormant,0,0,,3.199742,0,0,0,2.1173,-1.2999,0.0000,0,0,0
238,7.146111,active,31,67.099,98.017,61.047,1.0000,1,2.004,0,0,70.058,77.535,20.694,13,16,11,dormant,0,0,,3.513298,0,0,0,2.4405,-1.1542,0.0000,0,0,0
239,7.176137,active,31,67.722,98.804,60.509,1.0000,1,1.997,0,0,70.443,79.602,19.394,13,16,11,dormant,0,0,,3.888892,0,0,0,2.5590,-1.2155,0.0000,0,0,0
240,7.206163,active,31,66.457,96.882,59.290,1.0000,1,1.994,0,0,71.413,82.590,15.126,13,16,10,dormant,0,0,,3.754568,0,0,0,2.4487,-1.4142,0.0000,0,0,0
241,7.236188,active,31,79.625,98.129,62.068,1.0000,1,1.994,0,0,71.527,84.577,15.787,13,16,10,dormant,0,0,,3.372479,0,0,0,2.5859,-1.2256,0.0000,0,0,0
242,7.266214,active,31,78.224,101.580,64.938,1.0000,1,1.994,0,0,72.719,87.261,15.341,13,16,10,dormant,0,0,,3.799548,0,0,0,2.6796,-1.1904,0.0000,0,0,0
243,7.296240,active,31,76.069,102.362,66.440,1.0000,1,1.994,0,0,73.070,87.595,15.068,13,16,10,dormant,0,0,,3.665758,0,0,0,3.2734,-1.5768,0.0000,0,0,0
244,7.326265,active,31,89.916,103.363,61.456,1.0000,1,1.994,0,0,73.701,88.235,22.176,13,16,10,dormant,0,0,,3.716336,0,0,0,3.4265,-0.9491,0.0000,0,0,0
245,7.356291,active,31,76.971,104.047,67.468,1.0000,1,1.994,0,0,73.985,88.660,15.674,13,16,10,dormant,0,0,,3.751330,0,0,0,3.7828,-0.6820,0.0000,0,0,0
246,7.386317,active,31,75.796,103.830,66.278,1.0000,1,1.993,0,0,73.465,88.764,15.245,13,16,9,dormant,0,0,,3.049586,0,0,0,3.4087,-0.5673,0.0000,0,0,0
247,7.416342,active,31,71.980,110.501,66.241,1.0000,1,1.993,0,0,73.701,90.016,20.557,14,17,9,dormant,0,0,,3.260034,0,0,0,3.5460,-0.5438,0.0000,0,0,0
248,7.446368,active,31,70.534,107.660,63.197,1.0000,1,1.992,0,0,73.442,89.973,17.925,14,16,9,dormant,0,0,,2.990380,0,0,0,3.5508,-0.4705,0.0000,0,0,0
249,7.476394,active,31,77.055,118.587,66.379,1.0000,1,1.992,0,0,73.324,90.690,28.145,15,17,9,dormant,0,0,,2.822112,0,0,0,3.5343,-0.4288,0.0000,0,0,0
250,7.506419,active,31,88.564,125.623,72.148,1.0000,1,1.992,0,0,73.467,91.612,37.212,15,16,10,dormant,0,0,,2.534093,0,0,0,3.1632,-0.4666,0.0000,0,0,0
251,7.536445,active,31,95.085,125.901,74.492,1.0000,1,1.991,0,0,73.418,93.384,39.074,14,16,10,dormant,0,0,,2.628866,0,0,0,4.1560,-0.1748,0.0000,0,0,0
252,7.566471,active,31,91.637,125.680,71.947,1.0000,1,1.991,0,0,73.281,93.170,37.334,14,16,10,dormant,0,0,,2.853707,0,0,0,4.0835,-0.4086,0.0000,0,0,0
253,7.596496,active,31,83.487,124.444,67.742,1.0000,1,1.991,0,0,72.992,94.569,31.665,15,16,10,dormant,0,0,,3.024066,0,0,0,3.4559,-0.6603,0.0000,0,0,0
254,7.626522,active,31,83.513,123.881,65.850,1.0000,1,1.990,0,0,73.383,95.484,30.150,14,16,10,dormant,0,0,,2.781011,0,0,0,3.3591,-0.5115,0.0000,0,0,0
255,7.656548,active,31,94.441,126.388,68.461,1.0000,1,1.990,0,0,73.445,97.417,35.779,14,16,11,dormant,0,0,,2.654202,0,0,0,3.3758,-0.2871,0.0000,0,0,0
256,7.686573,active,31,92.345,125.490,66.500,1.0000,1,1.990,0,0,73.374,97.310,33.971,13,16,11,dormant,0,0,,2.853323,0,0,0,3.4558,-0.3872,0.0000,0,0,0
257,7.716599,active,31,89.523,123.917,64.028,1.0000,1,1.990,0,0,73.553,99.194,29.432,13,16,11,dormant,0,0,,2.584616,0,0,0,2.7589,0.0122,0.0000,0,0,0
258,7.746625,active,31,92.513,125.408,62.221,1.0000,1,1.990,0,0,73.219,100.995,31.116,12,16,11,dormant,0,0,,2.444928,0,0,0,2.9204,0.7667,0.0000,0,0,0
259,7.776650,active,31,95.957,122.300,63.400,1.0000,1,1.990,0,0,73.990,102.258,29.736,13,17,12,dormant,0,0,,2.442854,0,0,0,3.7352,-0.1100,0.0000,0,0,0
260,7.806676,active,31,97.531,125.890,63.045,1.0000,1,1.990,0,0,74.060,105.201,31.288,13,17,12,dormant,0,0,,2.338711,0,0,0,3.5602,0.2752,0.0000,0,0,0
261,7.836702,active,31,97.264,127.579,62.156,1.0000,1,1.990,0,0,73.830,107.819,30.653,13,17,12,dormant,0,0,,3.291290,0,0,0,3.7348,0.0597,0.0000,0,0,0
262,7.866728,active,31,98.651,129.241,63.601,0.8607,1,2.431,1,1,73.421,110.443,31.463,12,17,12,dormant,0,0,,0.355046,0,0,0,4.8499,-0.4267,0.0000,0,0,0
263,7.896753,active,31,99.855,130.277,63.579,0.7408,1,2.872,2,1,73.590,113.793,31.009,12,17,12,dormant,0,0,,0.103713,0,0,0,3.5432,0.1165,0.0000,0,0,0
264,7.926779,active,31,101.060,131.312,63.557,0.6376,1,3.320,3,1,73.217,114.616,32.465,12,17,11,dormant,0,0,,0.712784,0,0,0,3.0200,0.3359,0.0000,0,0,0
265,7.956805,active,31,102.265,132.347,63.535,0.5488,1,3.776,4,1,73.717,114.487,33.674,12,17,11,dormant,0,0,,0.107767,0,0,0,3.1458,0.6680,0.0000,0,0,0
266,7.986830,active,31,103.470,133.382,63.512,0.4724,1,4.242,5,1,74.608,114.221,34.643,12,17,10,dormant,0,0,,0.216841,0,0,0,3.4847,0.7720,0.0000,0,0,0
267,8.016856,active,31,104.675,134.417,63.490,0.4066,1,4.719,6,1,79.722,119.208,29.223,13,18,10,dormant,0,0,,0.043562,0,0,0,2.7144,0.1995,0.0000,0,0,0
268,8.046882,active,31,64.170,70.156,55.581,1.0000,1,2.884,0,0,89.621,121.299,57.126,14,18,11,dormant,0,0,,0.249972,0,0,0,3.4820,0.5850,0.0000,0,0,0
269,8.076907,active,31,75.960,87.762,57.907,0.8607,1,3.285,1,1,99.130,124.326,43.287,13,18,11,dormant,0,0,,0.267251,0,0,0,3.8429,1.5066,0.0000,0,0,0
270,8.106933,active,31,74.956,85.339,57.623,0.7408,1,3.701,2,1,105.836,124.442,49.826,13,17,11,dormant,0,0,,0.204941,0,0,0,3.6359,1.2868,0.0000,0,0,0
271,8.136959,active,31,73.952,82.915,57.338,0.6376,1,4.130,3,1,109.925,124.424,54.927,13,17,11,dormant,0,0,,0.012276,0,0,0,3.0667,1.6474,0.0000,0,0,0
272,8.166984,active,31,71.194,69.136,60.796,1.0000,1,2.761,0,0,113.256,124.119,69.226,14,17,11,dormant,0,0,,0.573340,0,0,0,3.5805,1.7125,0.0000,0,0,0
273,8.197010,active,31,72.092,65.531,60.987,1.0000,1,2.333,0,0,123.252,124.554,78.110,14,17,11,dormant,0,0,,0.925470,0,0,0,2.6791,1.0836,0.0000,0,0,0
274,8.227036,active,31,71.310,65.140,60.954,1.0000,1,2.147,0,0,129.171,124.376,82.806,14,16,11,dormant,0,0,,0.434101,0,0,0,2.5755,1.8275,0.0000,0,0,0
275,8.257061,active,31,74.600,66.056,61.448,1.0000,1,2.059,0,0,135.774,124.808,84.817,14,15,11,dormant,0,0,,0.468407,0,0,0,3.0726,0.9525,0.0000,0,0,0
276,8.287087,active,31,78.775,67.500,63.001,1.0000,1,2.019,0,0,141.886,124.416,84.984,15,15,12,dormant,0,0,,1.182692,0,0,0,3.1610,1.3215,0.0000,0,0,0
277,8.317113,active,31,64.960,70.575,54.280,1.0000,1,2.001,0,0,143.699,124.288,95.316,15,15,12,dormant,0,0,,0.486560,0,0,0,3.4460,1.2453,0.0000,0,0,0
278,8.347138,active,31,77.931,70.324,59.001,1.0000,1,1.994,0,0,147.258,123.433,87.332,14,15,12,dormant,0,0,,0.989180,0,0,0,3.4431,1.4011,0.0000,0,0,0
279,8.377164,active,31,87.610,69.564,62.459,1.0000,1,1.992,0,0,147.976,124.171,81.400,15,15,12,dormant,0,0,,1.877532,0,0,0,3.4329,1.5670,0.0000,0,0,0
280,8.407190,active,31,92.615,73.726,65.361,1.0000,1,1.992,0,0,147.642,124.813,75.086,15,15,12,dormant,0,0,,0.667188,0,0,0,3.5210,1.4966,0.0000,0,0,0
281,8.437215,active,31,92.990,73.809,63.607,1.0000,1,1.993,0,0,147.564,123.753,73.978,15,15,12,dormant,0,0,,0.870001,0,0,0,2.8024,1.4995,0.0000,0,0,0
282,8.467241,active,31,79.336,72.217,55.262,1.0000,1,1.993,0,0,149.298,124.261,87.197,15,16,12,dormant,0,0,,1.115296,0,0,0,3.0933,0.9125,0.0000,0,0,0
283,8.497267,active,31,95.392,72.612,62.517,1.0000,1,1.993,0,0,149.364,124.850,75.112,14,16,12,dormant,0,0,,0.590535,0,0,0,2.8453,1.7299,0.0000,0,0,0
284,8.527292,active,31,100.581,75.746,65.524,1.0000,1,1.993,0,0,151.033,124.665,70.274,13,16,12,dormant,0,0,,0.777171,0,0,0,2.5824,1.5931,0.0000,0,0,0
285,8.557318,active,31,104.488,76.004,65.775,1.0000,1,1.993,0,0,158.715,124.571,72.796,13,16,12,dormant,0,0,,0.113517,0,0,0,3.2030,2.5641,0.0000,0,0,0
286,8.587344,active,31,98.754,86.016,60.023,1.0000,1,1.992,0,0,163.908,124.491,75.666,13,16,12,dormant,0,0,,0.346363,0,0,0,3.0661,1.4786,0.0000,0,0,0
287,8.617369,active,31,103.910,90.773,59.953,1.0000,1,1.992,0,0,165.910,124.001,70.343,13,16,12,dormant,0,0,,0.497518,0,0,0,2.8001,1.7304,0.0000,0,0,0
288,8.647395,active,31,95.569,98.479,52.517,1.0000,1,1.992,0,0,167.353,123.298,75.953,13,16,12,dormant,0,0,,0.128442,0,0,0,2.3761,1.8876,0.0000,0,0,0
289,8.677421,active,31,119.612,93.076,71.274,1.0000,1,1.991,0,0,168.468,123.761,57.693,14,17,12,dormant,0,0,,0.431814,0,0,0,2.5562,2.0318,0.0000,0,0,0
290,8.707446,active,31,110.205,95.419,65.988,1.0000,1,1.991,0,0,167.649,122.620,63.558,15,18,12,dormant,0,0,,0.353746,0,0,0,1.9547,1.8661,0.0000,0,0,0
291,8.737472,active,31,110.740,91.390,66.273,1.0000,1,1.991,0,0,171.455,122.559,68.248,16,18,12,dormant,0,0,,0.807964,0,0,0,1.4047,1.6313,0.0000,0,0,0
292,8.767498,active,31,114.541,93.819,67.727,1.0000,1,1.991,0,0,176.770,119.671,67.385,15,18,12,dormant,0,0,,0.217545,0,0,0,2.4306,2.4857,0.0000,0,0,0
293,8.797524,active,31,151.263,99.055,85.946,1.0000,1,1.990,0,0,182.035,117.489,35.871,15,17,12,dormant,0,0,,1.290753,0,0,0,1.8888,1.9125,0.0000,0,0,0
294,8.827549,active,31,153.747,101.655,84.836,1.0000,1,1.990,0,0,187.671,113.487,35.928,14,17,12,dormant,0,0,,0.053243,0,0,0,1.7576,2.0306,0.0000,0,0,0
295,8.857575,active,31,155.225,102.851,84.170,1.0000,1,1.990,0,0,195.440,110.517,40.939,13,17,12,dormant,0,0,,0.335507,0,0,0,1.9184,2.2316,0.0000,0,0,0
296,8.887601,active,31,157.365,104.618,84.186,1.0000,1,1.990,0,0,201.352,108.537,44.161,14,17,12,dormant,0,0,,0.823899,0,0,0,2.0640,2.2089,0.0000,0,0,0
297,8.917626,active,31,159.414,103.891,84.822,1.0000,1,1.990,0,0,203.532,108.038,44.312,13,17,12,dormant,0,0,,0.402177,0,0,0,1.9403,3.5001,0.0000,0,0,0
298,8.947652,active,31,158.573,103.793,86.662,1.0000,1,1.990,0,0,203.704,105.647,45.169,13,17,12,dormant,0,0,,0.802412,0,0,0,1.2512,2.0915,0.0000,0,0,0
299,8.977678,active,31,160.921,105.440,87.208,1.0000,1,1.990,0,0,203.549,105.683,42.629,13,16,12,dormant,0,0,,0.941362,0,0,0,1.4967,1.4330,0.0000,0,0,0
300,9.007703,active,31,177.618,102.603,78.268,1.0000,1,1.990,0,0,203.919,102.736,26.301,14,16,12,dormant,0,0,,0.873571,0,0,0,1.4705,2.1197,0.0000,0,0,0
301,9.037729,active,31,175.955,107.368,85.494,0.8607,1,2.431,1,1,204.170,100.467,29.047,14,16,12,dormant,0,0,,1.104043,0,0,0,1.4823,2.4653,0.0000,0,0,0
302,9.067755,active,31,180.503,108.630,86.401,0.7408,1,2.872,2,1,204.162,98.747,25.640,14,16,12,dormant,0,0,,0.137710,0,0,0,0.9508,2.2147,0.0000,0,0,0
303,9.097780,active,31,185.052,109.891,87.307,0.6376,1,3.320,3,1,204.156,97.090,22.996,14,16,12,dormant,0,0,,0.845760,0,0,0,0.9316,1.8960,0.0000,0,0,0
304,9.127806,active,31,189.600,111.153,88.214,0.5488,1,3.776,4,1,204.197,92.505,23.682,14,16,12,dormant,0,0,,1.170636,0,0,0,0.8427,1.5932,0.0000,0,0,0
305,9.157832,active,31,194.149,112.415,89.120,0.4724,1,4.242,5,1,204.284,91.145,23.562,14,16,12,dormant,0,0,,1.255638,0,0,0,0.5545,1.7109,0.0000,0,0,0
306,9.187857,active,31,198.698,113.677,90.027,0.4066,1,4.719,6,1,203.429,87.948,26.161,14,16,12,dormant,0,0,,1.617533,0,0,0,0.5638,1.0603,0.0000,0,0,0
307,9.217883,active,31,203.246,114.939,90.933,0.3499,1,5.208,7,1,201.884,85.762,29.208,14,16,11,dormant,0,0,,1.277299,0,0,0,0.6014,1.8489,0.0000,0,0,0
308,9.247909,active,31,108.966,35.663,50.904,1.0000,1,2.961,0,0,202.025,83.644,104.701,15,16,11,dormant,0,0,,1.050804,0,0,0,0.4530,2.0371,0.0000,0,0,0
309,9.277934,active,31,107.695,35.326,53.024,1.0000,1,2.410,0,0,199.682,82.209,103.245,15,16,11,dormant,0,0,,0.821077,0,0,0,-0.0701,2.4202,0.0000,0,0,0
310,9.307960,active,31,106.442,36.835,53.242,1.0000,1,2.180,0,0,199.728,82.152,103.711,15,16,11,dormant,0,0,,0.732780,0,0,0,0.2264,1.9925,0.0000,0,0,0
311,9.337986,active,31,106.479,38.218,53.434,1.0000,1,2.074,0,0,199.029,80.051,101.565,15,16,11,dormant,0,0,,0.543987,0,0,0,-0.0610,2.5719,0.0000,0,0,0
312,9.368011,active,31,104.339,40.630,52.519,1.0000,1,2.024,0,0,199.550,79.448,102.820,15,16,11,dormant,0,0,,0.683301,0,0,0,-0.8488,1.9279,0.0000,0,0,0
313,9.398037,active,31,104.286,31.902,52.356,0.8607,1,2.453,1,1,199.440,79.664,106.468,14,16,11,dormant,0,0,,0.822423,0,0,0,-0.6061,2.3526,0.0000,0,0,0
314,9.428063,active,31,101.839,28.335,51.516,0.7408,1,2.888,2,1,197.514,78.592,108.072,14,16,11,dormant,0,0,,1.307276,0,0,0,-0.6247,2.2412,0.0000,0,0,0
315,9.458088,active,31,99.391,24.769,50.676,0.6376,1,3.332,3,1,197.479,76.511,110.899,14,16,11,dormant,0,0,,1.589840,0,0,0,-0.7802,1.6419,0.0000,0,0,0
316,9.488114,active,31,96.943,21.202,49.836,0.5488,1,3.786,4,1,196.052,76.378,113.433,14,16,11,dormant,0,0,,1.697416,0,0,0,-0.6722,1.8927,0.0000,0,0,0
317,9.518140,active,31,99.047,49.736,53.859,1.0000,1,2.686,0,0,193.979,75.245,98.299,15,15,11,dormant,0,0,,1.752935,0,0,0,-0.8679,2.4592,0.0000,0,0,0
318,9.548165,active,31,99.904,50.515,54.087,1.0000,1,2.311,0,0,193.928,75.658,97.328,15,15,11,dormant,0,0,,1.657478,0,0,0,-0.9565,3.1602,0.0000,0,0,0
319,9.578191,active,31,96.301,52.104,54.107,1.0000,1,2.142,0,0,194.079,75.119,100.450,13,15,11,dormant,0,0,,1.532964,0,0,0,-1.2589,2.6917,0.0000,0,0,0
320,9.608217,active,31,92.739,52.277,52.389,1.0000,1,2.061,0,0,193.503,73.876,103.052,13,15,11,dormant,0,0,,1.402348,0,0,0,-1.0994,2.6414,0.0000,0,0,0
321,9.638242,active,31,87.599,53.099,50.603,1.0000,1,2.021,0,0,192.125,73.537,106.506,13,15,11,dormant,0,0,,1.785764,0,0,0,-1.1984,2.0297,0.0000,0,0,0
322,9.668268,active,31,81.023,57.677,49.125,1.0000,1,2.003,0,0,191.162,72.921,111.190,13,15,11,dormant,0,0,,1.678218,0,0,0,-1.5248,1.9769,0.0000,0,0,0
323,9.698294,active,31,88.813,57.748,55.037,1.0000,1,1.995,0,0,189.574,72.106,101.779,13,15,11,dormant,0,0,,1.737904,0,0,0,-1.8270,2.1166,0.0000,0,0,0
324,9.728320,active,31,86.905,58.848,56.274,1.0000,1,1.992,0,0,189.999,71.501,103.868,14,15,11,dormant,0,0,,1.525222,0,0,0,-1.7351,2.3530,0.0000,0,0,0
325,9.758345,active,31,81.288,60.456,55.685,1.0000,1,1.992,0,0,188.076,70.623,107.271,14,15,11,dormant,0,0,,1.668002,0,0,0,-2.9458,1.8315,0.0000,0,0,0
326,9.788371,active,31,78.814,61.149,55.277,1.0000,1,1.992,0,0,185.060,68.429,106.496,15,16,11,dormant,0,0,47,2.106982,0,0,0,-2.0314,1.7837,0.0000,0,0,0
327,9.818397,active,31,77.244,63.495,55.636,1.0000,1,1.992,0,0,181.821,65.988,104.607,14,16,11,dormant,0,0,47,2.050052,0,0,0,-1.7617,2.5847,0.0000,0,0,0
328,9.848422,active,31,78.422,64.520,58.732,1.0000,1,1.992,0,0,179.194,65.440,100.776,14,16,11,dormant,0,0,,1.524472,0,0,0,-2.0612,1.9420,0.0000,0,0,0
329,9.878448,active,31,75.506,65.919,57.597,1.0000,1,1.992,0,0,178.110,65.348,102.606,14,16,10,dormant,0,0,,1.826488,0,0,0,-2.0385,1.2530,0.0000,0,0,0
330,9.908474,active,31,69.520,66.378,57.499,1.0000,1,1.992,0,0,176.035,63.260,106.561,14,16,10,dormant,0,0,47,2.031729,0,0,0,-2.3485,1.4173,0.0000,0,0,0
331,9.938499,active,31,65.356,67.502,57.333,1.0000,1,1.991,0,0,175.124,62.508,109.881,14,16,10,dormant,0,0,,1.536054,0,0,0,-2.9741,1.2119,0.0000,0,0,0
332,9.968525,active,31,65.777,68.160,57.733,1.0000,1,1.991,0,0,173.553,62.613,107.919,15,17,10,dormant,0,0,,1.138891,0,0,0,-2.5979,0.9316,0.0000,0,0,0
333,9.998551,active,31,58.438,69.122,54.440,1.0000,1,1.991,0,0,173.296,61.895,115.086,15,17,10,dormant,0,0,,0.659974,0,0,0,-2.2600,2.1192,0.0000,0,0,0
334,10.028576,active,31,61.152,71.788,56.953,1.0000,1,1.991,0,0,171.915,61.521,111.238,15,17,10,dormant,0,0,,1.029691,0,0,0,-2.0765,1.7496,0.0000,0,0,0
335,10.058602,active,31,59.407,71.652,58.316,1.0000,1,1.991,0,0,171.335,60.454,112.486,16,18,10,dormant,0,0,,1.082017,0,0,0,-1.8986,1.7035,0.0000,0,0,0
336,10.088628,active,31,55.891,74.630,56.322,1.0000,1,1.990,0,0,169.782,59.577,114.881,16,18,10,dormant,0,0,,1.418786,0,0,0,-2.9917,1.2900,0.0000,0,0,0
337,10.118653,active,31,56.649,76.564,55.888,1.0000,1,1.990,0,0,169.216,59.067,113.918,17,19,10,dormant,0,0,,1.627125,0,0,0,-2.5665,1.6329,0.0000,0,0,0
338,10.148679,active,31,56.760,79.036,55.963,1.0000,1,1.990,0,0,167.157,57.919,112.399,17,19,10,dormant,0,0,47,2.195928,0,0,0,-2.7771,1.3688,0.0000,0,0,0
339,10.178705,active,31,57.481,79.133,57.647,1.0000,1,1.990,0,0,164.779,55.486,109.873,17,18,10,dormant,0,0,47,2.350147,0,0,0,-2.8136,1.4663,0.0000,0,0,0
340,10.208730,active,31,57.452,81.646,58.012,1.0000,1,1.990,0,0,164.173,55.278,109.930,17,18,10,dormant,0,0,47,2.113908,0,0,0,-3.3635,0.8243,0.0000,0,0,0
341,10.238756,active,31,56.914,79.560,59.168,1.0000,1,1.990,0,0,163.361,54.611,109.331,17,18,10,dormant,0,0,,1.741119,0,0,0,-4.1054,0.8481,0.0000,0,0,0
342,10.268782,active,31,58.021,80.837,59.194,1.0000,1,1.990,0,0,161.977,54.603,107.215,17,18,10,dormant,0,0,,1.784242,0,0,0,-2.8767,1.3000,0.0000,0,0,0
343,10.298807,active,31,56.920,81.859,59.325,1.0000,1,1.990,0,0,162.016,54.421,108.618,17,18,10,dormant,0,0,,1.219980,0,0,0,-2.3312,1.6623,0.0000,0,0,0
344,10.328833,active,31,55.060,83.976,57.796,1.0000,1,1.990,0,0,159.974,54.770,108.904,17,18,10,dormant,0,0,47,2.266407,0,0,0,-2.4435,1.8466,0.0000,0,0,0
345,10.358859,active,31,53.064,85.301,57.191,1.0000,1,1.990,0,0,159.110,54.609,110.398,17,18,11,dormant,0,0,47,2.285040,0,0,0,-3.5294,1.0924,0.0000,0,0,0
346,10.388884,active,31,52.495,86.852,56.748,1.0000,1,1.990,0,0,158.024,55.028,110.224,17,18,11,dormant,0,0,47,2.338827,0,0,0,-3.2373,0.7633,0.0000,0,0,0
347,10.418910,active,31,50.707,87.640,55.617,1.0000,1,1.990,0,0,157.728,54.714,111.971,17,17,11,dormant,0,0,47,2.424448,0,0,0,-3.5953,0.7994,0.0000,0,0,0
348,10.448936,active,31,49.753,86.952,55.782,1.0000,1,1.990,0,0,157.299,54.470,112.345,17,17,11,dormant,0,0,,1.863892,0,0,0,-3.2879,0.8547,0.0000,0,0,0
349,10.478961,active,31,48.722,88.706,54.518,1.0000,1,1.990,0,0,157.359,54.656,113.848,17,17,11,dormant,0,0,,1.864936,0,0,0,-3.5066,1.0364,0.0000,0,0,0
350,10.508987,active,31,48.153,85.053,56.098,1.0000,1,1.990,0,0,157.473,54.751,113.442,17,17,11,dormant,0,0,,1.975523,0,0,0,-3.1473,0.6945,0.0000,0,0,0
351,10.539013,active,31,47.575,85.887,55.732,1.0000,1,1.990,0,0,157.397,54.733,114.155,17,17,11,dormant,0,0,47,2.323674,0,0,0,-2.2318,0.7815,0.0000,0,0,0
352,10.569038,active,31,45.569,92.515,52.077,1.0000,1,1.990,0,0,157.412,54.996,117.968,17,17,11,dormant,0,0,47,2.512398,0,0,0,-2.5286,1.1326,0.0000,0,0,0
353,10.599064,active,47,179.924,79.042,67.042,1.0000,1,1.990,0,0,157.308,54.791,33.160,19,19,11,dormant,0,0,47,2.276305,0,0,0,-3.4683,0.4374,0.0000,0,0,1
354,10.629090,active,47,170.780,74.440,63.226,1.0000,1,1.990,0,0,157.325,54.569,23.997,17,19,11,dormant,0,0,,3.622714,0,0,0,-2.8383,0.2409,0.0000,0,0,0
355,10.659116,active,47,163.708,74.644,60.034,1.0000,1,1.990,0,0,157.459,54.626,20.971,17,19,11,dormant,0,0,,3.926898,0,0,0,-3.6086,0.5811,0.0000,0,0,0
356,10.689141,active,47,159.213,67.875,54.283,1.0000,1,1.990,0,0,157.531,54.424,13.555,17,19,12,dormant,0,0,,3.490118,0,0,0,-3.7625,0.7047,0.0000,0,0,0
357,10.719167,active,47,154.938,70.671,52.574,1.0000,1,1.990,0,0,157.896,56.404,14.570,17,19,12,dormant,0,0,,3.252008,0,0,0,-3.1182,0.1372,0.0000,0,0,0
358,10.749193,active,47,186.338,71.311,64.189,1.0000,1,1.990,0,0,157.751,57.391,31.796,18,20,12,dormant,0,0,,3.786504,0,0,0,-2.7634,0.2598,0.0000,0,0,0
359,10.779218,active,47,189.262,78.285,63.889,1.0000,1,1.990,0,0,160.901,58.947,34.326,19,21,12,dormant,0,0,,3.589003,0,0,0,-3.3211,0.1798,0.0000,0,0,0
360,10.809244,active,47,189.610,76.544,61.593,1.0000,1,1.990,0,0,163.476,61.188,30.312,19,21,12,dormant,0,0,,3.645087,0,0,0,-3.7912,-0.0079,0.0000,0,0,0
361,10.839270,active,47,190.378,80.656,61.940,1.0000,1,1.990,0,0,166.105,64.518,29.148,18,21,12,dormant,0,0,,3.877886,0,0,0,-2.5777,0.1019,0.0000,0,0,0
362,10.869295,active,47,188.874,82.183,61.402,1.0000,1,1.990,0,0,167.632,67.411,25.873,19,21,12,dormant,0,0,,3.743052,0,0,0,-2.2899,0.8505,0.0000,0,0,0
363,10.899321,active,47,188.525,76.877,56.951,1.0000,1,1.990,0,0,169.875,71.356,19.450,19,21,12,dormant,0,0,,2.840630,0,0,0,-3.1474,0.0815,0.0000,0,0,0
364,10.929347,active,47,194.507,80.120,60.951,1.0000,1,1.990,0,0,173.004,76.756,21.765,18,21,12,dormant,0,0,,3.832001,0,0,0,-2.6871,0.0886,0.0000,0,0,0
365,10.959372,active,47,215.437,72.851,71.596,1.0000,1,1.990,0,0,173.743,79.217,42.177,16,21,12,dormant,0,0,,3.689900,0,0,0,-2.5172,-0.1956,0.0000,0,0,0
366,10.989398,active,47,213.475,64.106,66.086,1.0000,1,1.990,0,0,175.115,82.187,42.408,17,21,12,dormant,0,0,,3.123646,0,0,0,-3.6750,-0.4005,0.0000,0,0,0
367,11.019424,active,47,214.134,58.288,62.476,1.0000,1,1.990,0,0,177.615,83.507,44.381,18,22,12,dormant,0,0,,0.785352,0,0,0,-3.5722,-0.0736,0.0000,0,0,0
368,11.049449,active,47,212.534,61.113,61.799,1.0000,1,1.990,0,0,181.505,85.511,39.472,18,23,12,dormant,0,0,,2.809855,0,0,0,-3.4757,-0.2391,0.0000,0,0,0
369,11.079475,active,47,209.233,70.408,65.821,1.0000,1,1.990,0,0,190.082,88.688,26.475,18,23,12,dormant,0,0,,3.062465,0,0,0,-3.3088,-0.1630,0.0000,0,0,0
370,11.109501,active,47,216.364,65.311,64.057,0.8607,1,2.431,1,1,195.660,89.449,31.801,17,23,12,dormant,0,0,,0.230682,0,0,0,-4.2332,-0.6491,0.0000,0,0,0
371,11.139526,active,47,218.950,64.505,64.074,0.7408,1,2.872,2,1,199.717,90.811,32.587,18,23,12,dormant,0,0,,2.382921,0,0,0,-3.5742,-0.9821,0.0000,0,0,0
372,11.169552,active,47,221.536,63.699,64.092,0.6376,1,3.320,3,1,201.584,91.650,34.342,18,23,12,dormant,0,0,,2.072495,0,0,0,-3.2957,-0.7132,0.0000,0,0,0
373,11.199578,active,47,224.121,62.893,64.110,0.5488,1,3.776,4,1,211.185,93.992,33.683,18,23,12,dormant,0,0,,1.998142,0,0,0,-2.5628,-0.3484,0.0000,0,0,0
374,11.229603,active,47,203.172,76.730,75.504,1.0000,1,2.683,0,0,217.868,93.823,22.542,18,22,12,dormant,0,0,58,2.378400,0,0,0,-3.7638,-0.8050,0.0000,0,0,0
375,11.259629,active,47,213.998,70.797,71.172,0.8607,1,3.099,1,1,221.802,93.393,23.906,16,22,10,dormant,0,0,,0.560434,0,0,0,-3.4890,-1.2028,0.0000,0,0,0
376,11.289655,active,47,215.408,70.722,71.539,0.7408,1,3.525,2,1,223.521,93.457,24.139,17,22,10,dormant,0,0,,1.292441,0,0,0,-3.6813,-1.2000,0.0000,0,0,0
377,11.319680,active,47,216.818,70.647,71.906,0.6376,1,3.964,3,1,225.703,93.165,24.207,15,21,10,dormant,0,0,,0.855656,0,0,0,-4.1240,-1.0638,0.0000,0,0,0
378,11.349706,active,47,218.228,70.573,72.273,0.5488,1,4.415,4,1,233.758,94.554,28.570,15,21,10,dormant,0,0,,0.024492,0,0,0,-3.3064,-0.9451,0.0000,0,0,0
379,11.379732,active,47,219.638,70.498,72.640,0.4724,1,4.879,5,1,236.154,94.697,29.298,16,21,10,dormant,0,0,,1.080273,0,0,0,-2.8233,-0.7311,0.0000,0,0,0
380,11.409757,active,47,221.048,70.423,73.007,0.4066,1,5.356,6,1,237.034,94.324,28.754,16,21,9,dormant,0,0,,3.226970,0,0,0,-3.6368,-0.5603,0.0000,0,0,0
381,11.439783,active,47,222.458,70.348,73.375,0.3499,1,5.845,7,1,238.118,94.281,28.601,16,21,9,dormant,0,0,,2.891814,0,0,0,-3.8096,-1.1463,0.0000,0,0,0
382,11.469809,active,47,223.868,70.274,73.742,0.3012,1,6.348,8,1,239.059,94.152,28.300,16,21,11,dormant,0,0,,2.363176,0,0,0,-3.1346,-1.1964,0.0000,0,0,0
383,11.499834,active,47,225.278,70.199,74.109,0.2592,1,6.862,9,1,240.170,94.310,28.339,16,20,11,dormant,0,0,58,2.027231,0,0,0,-2.8233,-1.0564,0.0000,0,0,0
384,11.529860,active,47,226.688,70.124,74.476,0.2231,1,7.389,10,1,239.697,94.009,27.198,16,20,10,dormant,0,0,58,2.076741,0,0,0,-2.6781,-0.9599,0.0000,0,0,0
385,11.559886,active,47,228.098,70.050,74.843,0.1920,1,7.929,11,1,241.475,94.214,27.620,16,19,9,dormant,0,0,,1.989020,0,0,0,-2.8866,-1.1640,0.0000,0,0,0
386,11.589912,active,47,229.508,69.975,75.210,0.1653,1,8.480,12,1,247.321,91.933,28.274,16,19,9,dormant,0,0,58,2.145656,0,0,0,-2.5726,-1.4573,0.0000,0,0,0
387,11.619937,active,47,230.919,69.900,75.578,0.1423,1,9.043,13,1,253.789,89.580,30.172,16,18,8,dormant,0,0,58,2.007587,0,0,0,-2.5032,-1.3124,0.0000,0,0,0
388,11.649963,active,58,275.452,104.089,78.438,1.0000,1,1.992,0,0,254.960,87.970,26.071,15,18,8,dormant,0,0,,2.721349,1,0,0,-2.2993,-1.5688,0.0000,0,0,1
389,11.679989,active,58,273.881,104.696,78.658,1.0000,1,1.992,0,0,255.186,86.710,25.943,15,18,8,dormant,0,0,,2.159600,0,0,0,-2.3783,-1.3330,0.0000,0,0,0
390,11.710014,active,58,273.341,103.376,77.967,1.0000,1,1.992,0,0,255.750,86.834,24.147,15,18,8,dormant,0,0,,2.706138,0,0,0,-2.0439,-1.3238,0.0000,0,0,0
391,11.740040,active,58,272.799,102.280,78.071,1.0000,1,1.991,0,0,255.549,85.674,23.944,15,18,9,dormant,0,0,,2.737058,0,0,0,-2.6659,-0.8035,0.0000,0,0,0
392,11.770066,active,58,269.755,100.482,79.144,1.0000,1,1.991,0,0,255.718,85.738,20.358,15,18,9,dormant,0,0,,2.265591,0,0,0,-2.7988,-0.8547,0.0000,0,0,0
393,11.800091,active,58,268.606,99.131,78.367,1.0000,1,1.991,0,0,257.408,85.285,17.807,15,18,9,dormant,0,0,,2.418997,0,0,0,-2.3335,-1.2023,0.0000,0,0,0
394,11.830117,active,58,267.914,97.869,78.540,1.0000,1,1.991,0,0,258.497,85.658,15.421,14,17,9,dormant,0,0,,3.242550,0,0,0,-1.7019,-1.2963,0.0000,0,0,0
395,11.860143,active,58,266.355,95.377,77.855,1.0000,1,1.991,0,0,265.237,87.245,8.209,13,16,9,dormant,0,0,,3.583811,0,0,0,-1.6022,-1.6102,0.0000,0,0,0
396,11.890168,active,58,264.004,96.135,78.867,1.0000,1,1.990,0,0,269.558,90.356,8.015,12,16,9,dormant,0,0,,3.976514,0,0,0,-1.9211,-1.8163,0.0000,0,0,0
397,11.920194,active,58,265.757,94.025,79.988,1.0000,1,1.990,0,0,272.038,89.462,7.764,12,16,10,dormant,0,0,,4.123688,0,0,0,-1.7630,-2.2903,0.0000,0,0,0
398,11.950220,active,58,264.964,93.329,79.843,1.0000,1,1.990,0,0,273.238,89.850,8.976,12,16,9,dormant,0,0,,3.601266,0,0,0,-1.3767,-1.8205,0.0000,0,0,0
399,11.980245,active,58,267.132,93.313,79.120,1.0000,1,1.990,0,0,274.407,91.485,7.501,12,16,9,dormant,0,0,,3.537197,0,0,0,-1.4552,-2.3151,0.0000,0,0,0
400,12.010271,active,58,263.156,94.941,80.238,1.0000,1,1.990,0,0,274.478,93.072,11.475,12,16,9,dormant,0,0,,3.094638,0,0,0,-1.5979,-2.0876,0.0000,0,0,0
401,12.040297,active,58,262.774,95.215,81.061,1.0000,1,1.990,0,0,276.411,92.967,13.820,11,16,9,dormant,0,0,,2.070386,0,0,0,-1.0779,-1.5452,0.0000,0,0,0
402,12.070322,active,58,262.162,95.338,80.735,1.0000,1,1.990,0,0,278.351,93.461,16.297,11,16,9,dormant,0,0,,1.465184,0,0,0,-1.2077,-1.7359,0.0000,0,0,0
403,12.100348,active,58,264.608,96.213,80.857,1.0000,1,1.990,0,0,278.813,94.278,14.336,12,16,9,dormant,0,0,,1.702718,0,0,0,-0.7945,-1.5066,0.0000,0,0,0
404,12.130374,active,58,259.085,94.420,80.351,1.0000,1,1.990,0,0,278.982,94.270,19.898,13,17,8,dormant,0,0,,1.298697,0,0,0,-0.6428,-2.0661,0.0000,0,0,0
405,12.160399,active,58,256.788,95.724,80.626,1.0000,1,1.990,0,0,278.652,94.670,21.890,13,17,8,dormant,0,0,,2.006011,0,0,0,-1.0022,-2.0190,0.0000,0,0,0
406,12.190425,active,58,251.779,95.544,80.462,1.0000,1,1.990,0,0,278.996,94.634,27.232,13,17,8,dormant,0,0,,2.193696,0,0,0,-0.6687,-2.3323,0.0000,0,0,0
407,12.220451,active,58,251.823,93.801,79.748,1.0000,1,1.990,0,0,278.985,94.829,27.182,14,18,8,dormant,0,0,,2.131988,0,0,0,-0.5954,-2.3050,0.0000,0,0,0
408,12.250476,active,58,246.712,92.176,78.559,1.0000,1,1.990,0,0,279.277,94.943,32.683,14,17,8,dormant,0,0,,2.139114,0,0,0,-0.7474,-1.9408,0.0000,0,0,0
409,12.280502,active,58,255.266,108.863,71.956,1.0000,1,1.990,0,0,279.178,94.808,27.737,15,18,9,dormant,0,0,,2.035969,0,0,0,-0.3233,-2.3043,0.0000,0,0,0
410,12.310528,active,58,257.710,123.015,65.830,1.0000,1,1.990,0,0,279.087,94.954,35.276,15,18,9,dormant,0,0,,2.535670,0,0,0,-0.4823,-1.9392,0.0000,0,0,0
411,12.340553,active,58,256.956,128.862,62.761,1.0000,1,1.990,0,0,279.376,94.467,41.057,15,18,8,dormant,0,0,,2.057065,0,0,0,-0.7388,-1.8784,0.0000,0,0,0
412,12.370579,active,58,258.501,129.228,63.608,1.0000,1,1.990,0,0,279.357,94.316,40.667,16,18,8,dormant,0,0,,2.060656,0,0,0,-0.4268,-1.2145,0.0000,0,0,0
413,12.400605,active,58,255.024,113.868,71.338,1.0000,1,1.990,0,0,279.296,94.077,31.318,16,19,8,dormant,0,0,,2.145708,0,0,0,-0.2637,-1.6621,0.0000,0,0,0
414,12.430630,active,58,259.151,116.610,68.480,1.0000,1,1.990,0,0,279.051,94.640,29.643,16,20,8,dormant,0,0,,2.202924,0,0,0,-0.0109,-1.7566,0.0000,0,0,0
415,12.460656,active,58,259.901,124.283,65.994,1.0000,1,1.990,0,0,278.782,94.704,35.092,16,20,8,dormant,0,0,,2.294749,0,0,0,0.0764,-1.9813,0.0000,0,0,0
416,12.490682,active,58,261.795,121.061,66.538,1.0000,1,1.990,0,0,278.990,94.789,31.399,14,19,8,dormant,0,0,,2.155644,0,0,0,0.0071,-2.3238,0.0000,0,0,0
417,12.520708,active,58,262.585,119.246,66.323,1.0000,1,1.990,0,0,279.033,94.697,29.549,14,19,8,dormant,0,0,,2.270264,0,0,0,0.4285,-2.5430,0.0000,0,0,0
418,12.550733,active,58,262.384,116.311,66.874,1.0000,1,1.990,0,0,278.988,93.943,27.856,15,19,8,dormant,0,0,,2.482934,0,0,0,0.3760,-2.5047,0.0000,0,0,0
419,12.580759,active,58,262.525,119.385,65.487,1.0000,1,1.990,0,0,279.100,93.896,30.404,16,20,8,dormant,0,0,,2.264426,0,0,0,0.6325,-1.8146,0.0000,0,0,0
420,12.610785,active,58,250.092,120.814,59.872,1.0000,1,1.990,0,0,279.164,94.161,39.440,15,20,8,dormant,0,0,,3.201174,0,0,0,0.8790,-1.8769,0.0000,0,0,0
421,12.640810,active,58,254.574,122.590,63.315,1.0000,1,1.990,0,0,282.188,94.972,39.054,14,19,8,dormant,0,0,,2.931641,0,0,0,0.7374,-2.0531,0.0000,0,0,0
422,12.670836,active,58,255.806,124.645,65.550,1.0000,1,1.990,0,0,284.025,95.622,40.480,15,19,8,dormant,0,0,,3.151859,0,0,0,0.9008,-2.3713,0.0000,0,0,0
423,12.700862,active,58,261.869,122.761,67.638,1.0000,1,1.990,0,0,283.968,95.767,34.886,15,20,8,dormant,0,0,,2.608631,0,0,0,0.8374,-1.9780,0.0000,0,0,0
424,12.730887,active,58,257.964,125.339,64.251,0.8607,1,2.431,1,1,,,,1,20,9,dormant,0,0,,0.000000,0,0,0,0.8374,-1.9780,0.0000,0,0,0
425,12.760913,active,58,257.923,126.277,63.878,0.7408,1,2.872,2,1,,,,0,20,9,dormant,0,0,,0.000000,0,0,0,0.8374,-1.9780,0.0000,0,0,0
426,12.790939,active,58,257.882,127.215,63.504,0.6376,1,3.320,3,1,,,,0,20,9,dormant,0,0,,0.000000,0,0,0,0.8374,-1.9780,0.0000,0,0,0
427,12.820964,active,58,257.841,128.152,63.130,0.5488,1,3.776,4,1,,,,1,21,11,dormant,0,0,,0.000000,0,0,0,0.8374,-1.9780,0.0000,0,0,0
428,12.850990,active,58,257.800,129.090,62.756,0.4724,1,4.242,5,1,,,,1,21,11,dormant,0,0,,0.000000,0,0,0,-0.0302,2.4212,0.0000,0,0,0
429,12.881016,active,58,257.759,130.028,62.382,0.4066,1,4.719,6,1,,,,2,21,11,dormant,0,0,,0.000000,0,0,0,0.7189,-10.6235,0.0000,0,0,0
430,12.911041,active,58,257.717,130.966,62.008,0.3499,1,5.207,7,1,,,,2,21,10,dormant,0,0,,0.341024,0,0,0,0.0299,-2.8968,0.0000,0,0,0
431,12.941067,done,58,257.676,131.904,61.634,0.3012,1,5.707,8,1,,,,2,21,11,dormant,0,0,,0.210238,0,0,0,-0.5191,-0.8634,0.0000,0,0,0
432,12.971093,done,58,257.635,132.842,61.260,0.2592,1,6.219,9,1,,,,2,21,11,dormant,0,0,,0.533529,0,0,0,-0.5541,-0.4669,0.0000,0,0,0
433,13.001118,done,58,257.594,133.780,60.886,0.2231,1,6.742,10,1,,,,2,21,11,dormant,0,0,,0.567698,0,0,0,-0.1362,-0.7496,0.0000,0,0,0
434,13.031144,done,58,257.553,134.718,60.512,0.1920,1,7.277,11,1,,,,2,20,11,dormant,0,0,,0.604528,0,0,0,-0.2945,-0.3830,0.0000,0,0,0
435,13.061170,done,58,257.512,135.656,60.138,0.1653,1,7.824,12,1,,,,2,20,11,dormant,0,0,,0.733638,0,0,0,0.0146,-0.2866,0.0000,0,0,0
436,13.091195,done,58,257.471,136.593,59.764,0.1423,1,8.382,13,1,,,,1,19,11,dormant,0,0,,0.000000,0,0,0,-0.5077,-1.5927,0.0000,0,0,0
437,13.121221,done,58,257.430,137.531,59.390,0.1225,1,8.952,14,1,,,,2,19,11,dormant,0,0,,0.000000,0,0,0,0.0175,-0.3575,0.0000,0,0,0
438,13.151247,done,58,257.389,138.469,59.016,0.1054,1,9.532,15,1,,,,2,19,2,dormant,0,0,,1.608970,0,0,0,0.1658,-0.4920,0.0000,0,0,0
439,13.181272,done,58,257.348,139.407,58.642,0.0907,1,10.124,16,1,,,,3,19,2,dormant,0,0,,0.178570,0,0,0,-0.3636,2.2884,0.0000,0,0,0
440,13.211298,done,58,257.307,140.345,58.268,0.0781,1,10.726,17,1,,,,2,18,2,dormant,0,0,,1.698579,0,0,0,-0.0726,0.6216,0.0000,0,0,0
441,13.241324,done,58,257.266,141.283,57.894,0.0672,1,11.340,18,1,,,,1,18,2,dormant,0,0,,0.000000,0,0,0,-0.3752,6.7134,0.0000,0,0,0
442,13.271349,done,58,257.225,142.221,57.520,0.0578,1,11.964,19,1,,,,1,18,2,dormant,0,0,,0.000000,0,0,0,-0.2539,3.3937,0.0000,0,0,0
443,13.301375,done,58,257.184,143.159,57.147,0.0498,1,12.598,20,1,,,,1,17,2,dormant,0,0,,0.000000,0,0,0,-0.7741,8.2484,0.0000,0,0,0
444,13.331401,done,58,241.177,167.088,48.489,1.0000,1,3.351,0,0,,,,2,5,2,dormant,0,0,,0.000000,0,0,0,-0.1862,1.0198,0.0000,0,0,0
445,13.361426,done,58,241.106,166.978,48.518,1.0000,1,2.520,0,0,,,,2,4,2,dormant,0,0,,0.093322,0,0,0,-0.0015,-0.1694,0.0000,0,0,0
446,13.391452,done,58,241.232,167.401,48.688,1.0000,1,2.211,0,0,,,,2,4,2,dormant,0,0,,0.148997,0,0,0,0.0877,0.2454,0.0000,0,0,0
447,13.421478,done,58,240.096,170.311,47.610,0.8607,1,2.601,1,1,,,,1,4,2,dormant,0,0,,0.000000,0,0,0,-0.4101,4.8938,0.0000,0,0,0
448,13.451504,done,58,239.373,172.179,46.982,0.7408,1,3.015,2,1,,,,2,5,3,dormant,0,0,,0.000000,0,0,0,-0.3171,2.6941,0.0000,0,0,0
449,13.481529,done,58,238.650,174.046,46.354,0.6376,1,3.450,3,1,,,,1,5,3,dormant,0,0,,0.000000,0,0,0,0.0579,-3.5775,0.0000,0,0,0
450,13.511555,done,58,240.530,166.723,47.283,1.0000,1,2.591,0,0,,,,2,6,3,dormant,0,0,,0.000000,0,0,0,0.0579,-3.5775,0.0000,0,0,0
451,13.541581,done,58,240.739,167.384,47.941,1.0000,1,2.274,0,0,,,,3,6,3,dormant,0,0,,2.600892,0,0,0,0.0677,-0.8412,0.0000,0,0,0
452,13.571606,done,58,239.102,171.373,46.286,0.8607,1,2.700,1,1,,,,2,6,3,dormant,0,0,,0.950357,0,0,0,-0.4702,-0.1556,0.0000,0,0,0
453,13.601632,done,58,238.577,172.619,45.745,0.7408,1,3.139,2,1,,,,1,6,4,dormant,0,0,,0.000000,0,0,0,-0.1837,-0.0474,0.0000,0,0,0
454,13.631658,done,58,239.884,168.490,47.538,1.0000,1,2.493,0,0,,,,2,6,3,dormant,0,0,,0.000000,0,0,0,-0.1837,-0.0474,0.0000,0,0,0
455,13.661683,done,58,239.920,168.418,47.556,1.0000,1,2.233,0,0,,,,1,6,3,dormant,0,0,,0.000000,0,0,0,-0.0303,-0.0649,0.0000,0,0,0
456,13.691709,done,58,240.157,168.425,47.501,1.0000,1,2.111,0,0,,,,1,6,3,dormant,0,0,,0.000000,0,0,0,0.1571,-0.0145,0.0000,0,0,0
457,13.721735,done,58,240.198,168.377,47.534,1.0000,1,2.051,0,0,,,,1,6,3,dormant,0,0,,0.000000,0,0,0,0.0757,-0.0375,0.0000,0,0,0
458,13.751760,done,58,239.389,167.993,46.294,1.0000,1,2.021,0,0,,,,1,6,3,dormant,0,0,,0.000000,0,0,0,-0.5437,-0.2806,0.0000,0,0,0
459,13.781786,done,58,237.878,166.897,46.945,1.0000,1,2.007,0,0,,,,1,6,3,dormant,0,0,,0.000000,0,0,0,-1.2210,-0.8511,0.0000,0,0,0
460,13.811812,done,58,237.772,166.781,46.967,1.0000,1,2.000,0,0,,,,1,5,3,dormant,0,0,,0.000000,0,0,0,-0.4400,-0.3365,0.0000,0,0,0
461,13.841837,done,58,239.078,167.828,46.599,1.0000,1,1.997,0,0,,,,1,4,3,dormant,0,0,,0.000000,0,0,0,0.7819,0.6318,0.0000,0,0,0
462,13.871863,done,58,239.046,167.900,46.282,1.0000,1,1.996,0,0,,,,1,4,3,dormant,0,0,,0.000000,0,0,0,0.2120,0.2402,0.0000,0,0,0
463,13.901889,done,58,239.062,168.113,46.489,1.0000,1,1.995,0,0,,,,1,4,3,dormant,0,0,,0.000000,0,0,0,0.0750,0.2214,0.0000,0,0,0
464,13.931914,done,58,238.762,168.137,46.434,1.0000,1,1.994,0,0,,,,1,4,2,dormant,0,0,,0.000000,0,0,0,-0.1871,0.0827,0.0000,0,0,0
465,13.961940,done,58,238.147,168.906,45.612,0.8607,1,2.438,1,1,,,,0,4,2,dormant,0,0,,0.000000,0,0,0,-0.1871,0.0827,0.0000,0,0,0
466,13.991966,done,58,237.945,169.147,45.321,0.7408,1,2.883,2,1,,,,0,4,2,dormant,0,0,,0.000000,0,0,0,-0.1871,0.0827,0.0000,0,0,0
467,14.021991,done,58,237.744,169.388,45.029,0.6376,1,3.333,3,1,,,,0,4,2,dormant,0,0,,0.000000,0,0,0,-0.1871,0.0827,0.0000,0,0,0
468,14.052017,done,58,237.542,169.629,44.738,0.5488,1,3.792,4,1,,,,0,4,2,dormant,0,0,,0.000000,0,0,0,-0.1871,0.0827,0.0000,0,0,0
469,14.082043,done,58,237.340,169.870,44.447,0.4724,1,4.262,5,1,,,,0,4,1,dormant,0,0,,0.000000,0,0,0,-0.1871,0.0827,0.0000,0,0,0
470,14.112068,done,58,237.138,170.111,44.156,0.4066,1,4.742,6,1,,,,0,3,1,dormant,0,0,,0.000000,0,0,0,-0.1871,0.0827,0.0000,0,0,0
471,14.142094,done,58,236.937,170.352,43.865,0.3499,1,5.234,7,1,,,,1,3,1,dormant,0,0,,0.000000,0,0,0,-0.1871,0.0827,0.0000,0,0,0
472,14.172120,done,58,236.735,170.593,43.574,0.3012,1,5.737,8,1,,,,1,3,1,dormant,0,0,,0.000000,0,0,0,0.9014,-0.7462,0.0000,0,0,0
473,14.202145,done,58,236.533,170.834,43.283,0.2592,1,6.251,9,1,,,,0,3,1,dormant,0,0,,0.000000,0,0,0,0.9014,-0.7462,0.0000,0,0,0
474,14.232171,done,58,236.332,171.075,42.992,0.2231,1,6.778,10,1,,,,0,2,1,dormant,0,0,,0.000000,0,0,0,0.9014,-0.7462,0.0000,0,0,0
475,14.262197,done,58,236.130,171.316,42.701,0.1920,1,7.316,11,1,,,,0,2,1,dormant,0,0,,0.000000,0,0,0,0.9014,-0.7462,0.0000,0,0,0
476,14.292222,done,58,235.928,171.557,42.410,0.1653,1,7.865,12,1,,,,0,2,1,dormant,0,0,,0.000000,0,0,0,0.9014,-0.7462,0.0000,0,0,0
477,14.322248,done,58,235.727,171.798,42.119,0.1423,1,8.426,13,1,,,,0,2,1,dormant,0,0,,0.000000,0,0,0,0.9014,-0.7462,0.0000,0,0,0
478,14.352274,done,58,235.525,172.039,41.828,0.1225,1,8.998,14,1,,,,0,2,1,dormant,0,0,,0.000000,0,0,0,0.9014,-0.7462,0.0000,0,0,0
479,14.382300,done,58,235.323,172.280,41.537,0.1054,1,9.582,15,1,,,,0,2,0,dormant,0,0,,0.000000,0,0,0,0.9014,-0.7462,0.0000,0,0,0
480,14.412325,done,58,235.122,172.520,41.246,0.0907,1,10.176,16,1,,,,0,2,1,dormant,0,0,,0.000000,0,0,0,0.9014,-0.7462,0.0000,0,0,0
481,14.442351,done,58,131.004,198.598,54.518,1.0000,1,3.298,0,0,,,,1,2,1,dormant,0,0,,0.000000,0,0,0,0.9014,-0.7462,0.0000,0,0,0
482,14.472377,done,58,131.397,198.726,54.331,1.0000,1,2.508,0,0,,,,1,2,1,dormant,0,0,,0.000000,0,0,0,0.5458,-0.1342,0.0000,0,0,0
483,14.502402,done,58,131.355,198.329,53.851,1.0000,1,2.210,0,0,,,,1,2,1,dormant,0,0,,0.000000,0,0,0,0.1338,-0.3183,0.0000,0,0,0
484,14.532428,done,58,131.304,199.301,53.594,1.0000,1,2.080,0,0,,,,1,2,1,dormant,0,0,,0.000000,0,0,0,0.0045,0.5849,0.0000,0,0,0
485,14.562454,done,58,131.177,198.864,53.962,1.0000,1,2.025,0,0,,,,1,2,1,dormant,0,0,,0.000000,0,0,0,-0.0877,-0.1308,0.0000,0,0,0
486,14.592479,done,58,131.398,199.952,53.598,1.0000,1,2.004,0,0,,,,1,2,1,dormant,0,0,,0.000000,0,0,0,0.1288,0.7224,0.0000,0,0,0
487,14.622505,done,58,119.724,202.576,54.185,0.8607,1,2.447,1,1,,,,0,2,1,dormant,0,0,,0.000000,0,0,0,0.1288,0.7224,0.0000,0,0,0
488,14.652531,done,58,115.394,203.852,54.360,0.7408,1,2.897,2,1,,,,0,2,1,dormant,0,0,,0.000000,0,0,0,0.1288,0.7224,0.0000,0,0,0
489,14.682556,done,58,111.065,205.128,54.536,0.6376,1,3.357,3,1,,,,0,2,1,dormant,0,0,,0.000000,0,0,0,0.1288,0.7224,0.0000,0,0,0
490,14.712582,done,58,106.736,206.403,54.711,0.5488,1,3.827,4,1,,,,0,2,1,dormant,0,0,,0.000000,0,0,0,0.1288,0.7224,0.0000,0,0,0
491,14.742608,done,58,102.407,207.679,54.886,0.4724,1,4.309,5,1,,,,1,3,1,dormant,0,0,,0.000000,0,0,0,0.1288,0.7224,0.0000,0,0,0
